time,node,10.1.1.1/24-10.1.7.2,10.1.1.2/24-10.1.7.2,10.1.2.1/24-10.1.7.2,10.1.2.2/24-10.1.7.2,10.1.3.1/24-10.1.7.2,10.1.3.2/24-10.1.7.2,10.1.4.1/24-10.1.7.2,10.1.4.2/24-10.1.7.2,10.1.5.1/24-10.1.7.2,10.1.5.2/24-10.1.7.2,10.1.6.1/24-10.1.7.2,10.1.6.2/24-10.1.7.2,10.1.7.1/24-10.1.7.2,10.1.9.1/24-10.1.7.2,10.1.9.2/24-10.1.7.2
0.2,5,1,1,1,1,1,1,1,1,1,1,1,1,1,1,1
0.4,5,1,1,1,1,1,1,1,1,1,1,1,1,1,1,1
0.6,5,1,1,1,1,1,1,1,1,1,1,1,1,1,1,1
0.8,5,1,1,1,1,1,1,1,1,1,1,1,1,1,1,1
1,5,1,1,1,1,1,1,1,1,1,1,1,1,1,1,1
1.2,5,1,1,1,1,1,1,1,1,1,1,1,1,1,1,1
1.4,5,1,1,1,1,1,1,1,1,1,1,1,1,1,1,1
1.6,5,1,1,1,1,1,1,1,1,1,1,1,1,1,1,1
1.8,5,1,1,1,1,1,1,1,1,1,1,1,1,1,1,1
2,5,1,1,1,1,1,1,1,1,1,1,1,1,1,1,1
2.2,5,1,1,1,1,1,1,1,1,1,1,1,1,1,1,1
2.4,5,1,1,1,1,1,1,1,1,1,1,1,1,1,1,1
2.6,5,1,1,1,1,1,1,1,1,1,1,1,1,1,1,1
2.8,5,1,1,1,1,1,1,1,1,1,1,1,1,1,1,1
3,5,1,1,1,1,1,1,1,1,1,1,1,1,1,1,1
3.2,5,1,1,1,1,1,1,1,1,1,1,1,1,1,1,1
3.4,5,1,1,1,1,1,1,1,1,1,1,1,1,1,1,1
3.6,5,1,1,1,1,1,1,1,1,1,1,1,1,1,1,1
3.8,5,1,1,1,1,1,1,1,1,1,1,1,1,1,1,1
4,5,1,1,1,1,1,1,1,1,1,1,1,1,1,1,1
4.2,5,1,1,1,1,1,1,1,1,1,1,1,1,1,1,1
4.4,5,1,1,1,1,1,1,1,1,1,1,1,1,1,1,1
4.6,5,1,1,1,1,1,1,1,1,1,1,1,1,1,1,1
4.8,5,1,1,1,1,1,1,1,1,1,1,1,1,1,1,1
5,5,1,1,1,1,1,1,1,1,1,1,1,1,1,1,1
5.2,5,1,1,1,1,1,1,1,1,1,1,1,1,1,1,1
5.4,5,1,1,1,1,1,1,1,1,1,1,1,1,1,1,1
5.6,5,1,1,1,1,1,1,1,1,1,1,1,1,1,1,1
5.8,5,1,1,1,1,1,1,1,1,1,1,1,1,1,1,1
6,5,1,1,1,1,1,1,1,1,1,1,1,1,1,1,1
6.2,5,1,1,1,1,1,1,1,1,1,1,1,1,1,1,1
6.4,5,1,1,1,1,1,1,1,1,1,1,1,1,1,1,1
6.6,5,1,1,1,1,1,1,1,1,1,1,1,1,1,1,1
6.8,5,1,1,1,1,1,1,1,1,1,1,1,1,1,1,1
7,5,1,1,1,1,1,1,1,1,1,1,1,1,1,1,1
7.2,5,1,1,1,1,1,1,1,1,1,1,1,1,1,1,1
7.4,5,1,1,1,1,1,1,1,1,1,1,1,1,1,1,1
7.6,5,1,1,1,1,1,1,1,1,1,1,1,1,1,1,1
7.8,5,1,1,1,1,1,1,1,1,1,1,1,1,1,1,1
8,5,1,1,1,1,1,1,1,1,1,1,1,1,1,1,1
8.2,5,1,1,1,1,1,1,1,1,1,1,1,1,1,1,1
8.4,5,1,1,1,1,1,1,1,1,1,1,1,1,1,1,1
8.6,5,1,1,1,1,1,1,1,1,1,1,1,1,1,1,1
8.8,5,1,1,1,1,1,1,1,1,1,1,1,1,1,1,1
9,5,1,1,1,1,1,1,1,1,1,1,1,1,1,1,1
9.2,5,1,1,1,1,1,1,1,1,1,1,1,1,1,1,1
9.4,5,1,1,1,1,1,1,1,1,1,1,1,1,1,1,1
9.6,5,1,1,1,1,1,1,1,1,1,1,1,1,1,1,1
9.8,5,1,1,1,1,1,1,1,1,1,1,1,1,1,1,1
10,5,1,1,1,1,1,1,1,1,1,1,1,1,1,1,1
10.2,5,1,1,1,1,1,1,1,1,1,1,1,1,1,1,1
10.4,5,1,1,1,1,1,1,1,1,1,1,1,1,1,1,1
10.6,5,1,1,1,1,1,1,1,1,1,1,1,1,1,1,1
10.8,5,1,1,1,1,1,1,1,1,1,1,1,1,1,1,1
11,5,1,1,1,1,1,1,1,1,1,1,1,1,1,1,1
11.2,5,1,1,1,1,1,1,1,1,1,1,1,1,1,1,1
11.4,5,1,1,1,1,1,1,1,1,1,1,1,1,1,1,1
11.6,5,1,1,1,1,1,1,1,1,1,1,1,1,1,1,1
11.8,5,1,1,1,1,1,1,1,1,1,1,1,1,1,1,1
12,5,1,1,1,1,1,1,1,1,1,1,1,1,1,1,1
12.2,5,1,1,1,1,1,1,1,1,1,1,1,1,1,1,1
12.4,5,1,1,1,1,1,1,1,1,1,1,1,1,1,1,1
12.6,5,1,1,1,1,1,1,1,1,1,1,1,1,1,1,1
12.8,5,1,1,1,1,1,1,1,1,1,1,1,1,1,1,1
13,5,1,1,1,1,1,1,1,1,1,1,1,1,1,1,1
13.2,5,1,1,1,1,1,1,1,1,1,1,1,1,1,1,1
13.4,5,1,1,1,1,1,1,1,1,1,1,1,1,1,1,1
13.6,5,1,1,1,1,1,1,1,1,1,1,1,1,1,1,1
13.8,5,1,1,1,1,1,1,1,1,1,1,1,1,1,1,1
14,5,1,1,1,1,1,1,1,1,1,1,1,1,1,1,1
14.2,5,1,1,1,1,1,1,1,1,1,1,1,1,1,1,1
14.4,5,1,1,1,1,1,1,1,1,1,1,1,1,1,1,1
14.6,5,1,1,1,1,1,1,1,1,1,1,1,1,1,1,1
14.8,5,1,1,1,1,1,1,1,1,1,1,1,1,1,1,1
15,5,1,1,1,1,1,1,1,1,1,1,1,1,1,1,1
15.2,5,1,1,1,1,1,1,1,1,1,1,1,1,1,1,1
15.4,5,1,1,1,1,1,1,1,1,1,1,1,1,1,1,1
15.6,5,1,1,1,1,1,1,1,1,1,1,1,1,1,1,1
15.8,5,1,1,1,1,1,1,1,1,1,1,1,1,1,1,1
16,5,1,1,1,1,1,1,1,1,1,1,1,1,1,1,1
16.2,5,1,1,1,1,1,1,1,1,1,1,1,1,1,1,1
16.4,5,1,1,1,1,1,1,1,1,1,1,1,1,1,1,1
16.6,5,1,1,1,1,1,1,1,1,1,1,1,1,1,1,1
16.8,5,1,1,1,1,1,1,1,1,1,1,1,1,1,1,1
17,5,1,1,1,1,1,1,1,1,1,1,1,1,1,1,1
17.2,5,1,1,1,1,1,1,1,1,1,1,1,1,1,1,1
17.4,5,1,1,1,1,1,1,1,1,1,1,1,1,1,1,1
17.6,5,1,1,1,1,1,1,1,1,1,1,1,1,1,1,1
17.8,5,1,1,1,1,1,1,1,1,1,1,1,1,1,1,1
18,5,1,1,1,1,1,1,1,1,1,1,1,1,1,1,1
18.2,5,1,1,1,1,1,1,1,1,1,1,1,1,1,1,1
18.4,5,1,1,1,1,1,1,1,1,1,1,1,1,1,1,1
18.6,5,1,1,1,1,1,1,1,1,1,1,1,1,1,1,1
18.8,5,1,1,1,1,1,1,1,1,1,1,1,1,1,1,1
19,5,1,1,1,1,1,1,1,1,1,1,1,1,1,1,1
19.2,5,1,1,1,1,1,1,1,1,1,1,1,1,1,1,1
19.4,5,1,1,1,1,1,1,1,1,1,1,1,1,1,1,1
19.6,5,1,1,1,1,1,1,1,1,1,1,1,1,1,1,1
19.8,5,1,1,1,1,1,1,1,1,1,1,1,1,1,1,1
20,5,1,1,1,1,1,1,1,1,1,1,1,1,1,1,1
20.2,5,1,1,1,1,1,1,1,1,1,1,1,1,1,1,1
20.4,5,1,1,1,1,1,1,1,1,1,1,1,1,1,1,1
20.6,5,1,1,1,1,1,1,1,1,1,1,1,1,1,1,1
20.8,5,1,1,1,1,1,1,1,1,1,1,1,1,1,1,1
21,5,1,1,1,1,1,1,1,1,1,1,1,1,1,1,1
21.2,5,1,1,1,1,1,1,1,1,1,1,1,1,1,1,1
21.4,5,1,1,1,1,1,1,1,1,1,1,1,1,1,1,1
21.6,5,1,1,1,1,1,1,1,1,1,1,1,1,1,1,1
21.8,5,1,1,1,1,1,1,1,1,1,1,1,1,1,1,1
22,5,1,1,1,1,1,1,1,1,1,1,1,1,1,1,1
22.2,5,1,1,1,1,1,1,1,1,1,1,1,1,1,1,1
22.4,5,1,1,1,1,1,1,1,1,1,1,1,1,1,1,1
22.6,5,1,1,1,1,1,1,1,1,1,1,1,1,1,1,1
22.8,5,1,1,1,1,1,1,1,1,1,1,1,1,1,1,1
23,5,1,1,1,1,1,1,1,1,1,1,1,1,1,1,1
23.2,5,1,1,1,1,1,1,1,1,1,1,1,1,1,1,1
23.4,5,1,1,1,1,1,1,1,1,1,1,1,1,1,1,1
23.6,5,1,1,1,1,1,1,1,1,1,1,1,1,1,1,1
23.8,5,1,1,1,1,1,1,1,1,1,1,1,1,1,1,1
24,5,1,1,1,1,1,1,1,1,1,1,1,1,1,1,1
24.2,5,1,1,1,1,1,1,1,1,1,1,1,1,1,1,1
24.4,5,1,1,1,1,1,1,1,1,1,1,1,1,1,1,1
24.6,5,1,1,1,1,1,1,1,1,1,1,1,1,1,1,1
24.8,5,1,1,1,1,1,1,1,1,1,1,1,1,1,1,1
25,5,1,1,1,1,1,1,1,1,1,1,1,1,1,1,1
25.2,5,1,1,1,1,1,1,1,1,1,1,1,1,1,1,1
25.4,5,1,1,1,1,1,1,1,1,1,1,1,1,1,1,1
25.6,5,1,1,1,1,1,1,1,1,1,1,1,1,1,1,1
25.8,5,1,1,1,1,1,1,1,1,1,1,1,1,1,1,1
26,5,1,1,1,1,1,1,1,1,1,1,1,1,1,1,1
26.2,5,1,1,1,1,1,1,1,1,1,1,1,1,1,1,1
26.4,5,1,1,1,1,1,1,1,1,1,1,1,1,1,1,1
26.6,5,1,1,1,1,1,1,1,1,1,1,1,1,1,1,1
26.8,5,1,1,1,1,1,1,1,1,1,1,1,1,1,1,1
27,5,1,1,1,1,1,1,1,1,1,1,1,1,1,1,1
27.2,5,1,1,1,1,1,1,1,1,1,1,1,1,1,1,1
27.4,5,1,1,1,1,1,1,1,1,1,1,1,1,1,1,1
27.6,5,1,1,1,1,1,1,1,1,1,1,1,1,1,1,1
27.8,5,1,1,1,1,1,1,1,1,1,1,1,1,1,1,1
28,5,1,1,1,1,1,1,1,1,1,1,1,1,1,1,1
28.2,5,1,1,1,1,1,1,1,1,1,1,1,1,1,1,1
28.4,5,1,1,1,1,1,1,1,1,1,1,1,1,1,1,1
28.6,5,1,1,1,1,1,1,1,1,1,1,1,1,1,1,1
28.8,5,1,1,1,1,1,1,1,1,1,1,1,1,1,1,1
29,5,1,1,1,1,1,1,1,1,1,1,1,1,1,1,1
29.2,5,1,1,1,1,1,1,1,1,1,1,1,1,1,1,1
29.4,5,1,1,1,1,1,1,1,1,1,1,1,1,1,1,1
29.6,5,1,1,1,1,1,1,1,1,1,1,1,1,1,1,1
29.8,5,1,1,1,1,1,1,1,1,1,1,1,1,1,1,1
30,5,1,1,1,1,1,1,1,1,1,1,1,1,1,1,1
30.2,5,1,1,1,1,1,1,1,1,1,1,1,1,1,1,1
30.4,5,1,1,1,1,1,1,1,1,1,1,1,1,1,1,1
30.6,5,1,1,1,1,1,1,1,1,1,1,1,1,1,1,1
30.8,5,1,1,1,1,1,1,1,1,1,1,1,1,1,1,1
31,5,1,1,1,1,1,1,1,1,1,1,1,1,1,1,1
31.2,5,1,1,1,1,1,1,1,1,1,1,1,1,1,1,1
31.4,5,1,1,1,1,1,1,1,1,1,1,1,1,1,1,1
31.6,5,1,1,1,1,1,1,1,1,1,1,1,1,1,1,1
31.8,5,1,1,1,1,1,1,1,1,1,1,1,1,1,1,1
32,5,1,1,1,1,1,1,1,1,1,1,1,1,1,1,1
32.2,5,1,1,1,1,1,1,1,1,1,1,1,1,1,1,1
32.4,5,1,1,1,1,1,1,1,1,1,1,1,1,1,1,1
32.6,5,1,1,1,1,1,1,1,1,1,1,1,1,1,1,1
32.8,5,1,1,1,1,1,1,1,1,1,1,1,1,1,1,1
33,5,1,1,1,1,1,1,1,1,1,1,1,1,1,1,1
33.2,5,1,1,1,1,1,1,1,1,1,1,1,1,1,1,1
33.4,5,1,1,1,1,1,1,1,1,1,1,1,1,1,1,1
33.6,5,1,1,1,1,1,1,1,1,1,1,1,1,1,1,1
33.8,5,1,1,1,1,1,1,1,1,1,1,1,1,1,1,1
34,5,1,1,1,1,1,1,1,1,1,1,1,1,1,1,1
34.2,5,1,1,1,1,1,1,1,1,1,1,1,1,1,1,1
34.4,5,1,1,1,1,1,1,1,1,1,1,1,1,1,1,1
34.6,5,1,1,1,1,1,1,1,1,1,1,1,1,1,1,1
34.8,5,1,1,1,1,1,1,1,1,1,1,1,1,1,1,1
35,5,1,1,1,1,1,1,1,1,1,1,1,1,1,1,1
35.2,5,1,1,1,1,1,1,1,1,1,1,1,1,1,1,1
35.4,5,1,1,1,1,1,1,1,1,1,1,1,1,1,1,1
35.6,5,1,1,1,1,1,1,1,1,1,1,1,1,1,1,1
35.8,5,1,1,1,1,1,1,1,1,1,1,1,1,1,1,1
36,5,1,1,1,1,1,1,1,1,1,1,1,1,1,1,1
36.2,5,1,1,1,1,1,1,1,1,1,1,1,1,1,1,1
36.4,5,1,1,1,1,1,1,1,1,1,1,1,1,1,1,1
36.6,5,1,1,1,1,1,1,1,1,1,1,1,1,1,1,1
36.8,5,1,1,1,1,1,1,1,1,1,1,1,1,1,1,1
37,5,1,1,1,1,1,1,1,1,1,1,1,1,1,1,1
37.2,5,1,1,1,1,1,1,1,1,1,1,1,1,1,1,1
37.4,5,1,1,1,1,1,1,1,1,1,1,1,1,1,1,1
37.6,5,1,1,1,1,1,1,1,1,1,1,1,1,1,1,1
37.8,5,1,1,1,1,1,1,1,1,1,1,1,1,1,1,1
38,5,1,1,1,1,1,1,1,1,1,1,1,1,1,1,1
38.2,5,1,1,1,1,1,1,1,1,1,1,1,1,1,1,1
38.4,5,1,1,1,1,1,1,1,1,1,1,1,1,1,1,1
38.6,5,1,1,1,1,1,1,1,1,1,1,1,1,1,1,1
38.8,5,1,1,1,1,1,1,1,1,1,1,1,1,1,1,1
39,5,1,1,1,1,1,1,1,1,1,1,1,1,1,1,1
39.2,5,1,1,1,1,1,1,1,1,1,1,1,1,1,1,1
39.4,5,1,1,1,1,1,1,1,1,1,1,1,1,1,1,1
39.6,5,1,1,1,1,1,1,1,1,1,1,1,1,1,1,1
39.8,5,1,1,1,1,1,1,1,1,1,1,1,1,1,1,1
40,5,1,1,1,1,1,1,1,1,1,1,1,1,1,1,1
40.2,5,1,1,1,1,1,1,1,1,1,1,1,1,1,1,1
40.4,5,1,1,1,1,1,1,1,1,1,1,1,1,1,1,1
40.6,5,1,1,1,1,1,1,1,1,1,1,1,1,1,1,1
40.8,5,1,1,1,1,1,1,1,1,1,1,1,1,1,1,1
41,5,1,1,1,1,1,1,1,1,1,1,1,1,1,1,1
41.2,5,1,1,1,1,1,1,1,1,1,1,1,1,1,1,1
41.4,5,1,1,1,1,1,1,1,1,1,1,1,1,1,1,1
41.6,5,1,1,1,1,1,1,1,1,1,1,1,1,1,1,1
41.8,5,1,1,1,1,1,1,1,1,1,1,1,1,1,1,1
42,5,1,1,1,1,1,1,1,1,1,1,1,1,1,1,1
42.2,5,1,1,1,1,1,1,1,1,1,1,1,1,1,1,1
42.4,5,1,1,1,1,1,1,1,1,1,1,1,1,1,1,1
42.6,5,1,1,1,1,1,1,1,1,1,1,1,1,1,1,1
42.8,5,1,1,1,1,1,1,1,1,1,1,1,1,1,1,1
43,5,1,1,1,1,1,1,1,1,1,1,1,1,1,1,1
43.2,5,1,1,1,1,1,1,1,1,1,1,1,1,1,1,1
43.4,5,1,1,1,1,1,1,1,1,1,1,1,1,1,1,1
43.6,5,1,1,1,1,1,1,1,1,1,1,1,1,1,1,1
43.8,5,1,1,1,1,1,1,1,1,1,1,1,1,1,1,1
44,5,1,1,1,1,1,1,1,1,1,1,1,1,1,1,1
44.2,5,1,1,1,1,1,1,1,1,1,1,1,1,1,1,1
44.4,5,1,1,1,1,1,1,1,1,1,1,1,1,1,1,1
44.6,5,1,1,1,1,1,1,1,1,1,1,1,1,1,1,1
44.8,5,1,1,1,1,1,1,1,1,1,1,1,1,1,1,1
45,5,1,1,1,1,1,1,1,1,1,1,1,1,1,1,1
45.2,5,1,1,1,1,1,1,1,1,1,1,1,1,1,1,1
45.4,5,1,1,1,1,1,1,1,1,1,1,1,1,1,1,1
45.6,5,1,1,1,1,1,1,1,1,1,1,1,1,1,1,1
45.8,5,1,1,1,1,1,1,1,1,1,1,1,1,1,1,1
46,5,1,1,1,1,1,1,1,1,1,1,1,1,1,1,1
46.2,5,1,1,1,1,1,1,1,1,1,1,1,1,1,1,1
46.4,5,1,1,1,1,1,1,1,1,1,1,1,1,1,1,1
46.6,5,1,1,1,1,1,1,1,1,1,1,1,1,1,1,1
46.8,5,1,1,1,1,1,1,1,1,1,1,1,1,1,1,1
47,5,1,1,1,1,1,1,1,1,1,1,1,1,1,1,1
47.2,5,1,1,1,1,1,1,1,1,1,1,1,1,1,1,1
47.4,5,1,1,1,1,1,1,1,1,1,1,1,1,1,1,1
47.6,5,1,1,1,1,1,1,1,1,1,1,1,1,1,1,1
47.8,5,1,1,1,1,1,1,1,1,1,1,1,1,1,1,1
48,5,1,1,1,1,1,1,1,1,1,1,1,1,1,1,1
48.2,5,1,1,1,1,1,1,1,1,1,1,1,1,1,1,1
48.4,5,1,1,1,1,1,1,1,1,1,1,1,1,1,1,1
48.6,5,1,1,1,1,1,1,1,1,1,1,1,1,1,1,1
48.8,5,1,1,1,1,1,1,1,1,1,1,1,1,1,1,1
49,5,1,1,1,1,1,1,1,1,1,1,1,1,1,1,1
49.2,5,1,1,1,1,1,1,1,1,1,1,1,1,1,1,1
49.4,5,1,1,1,1,1,1,1,1,1,1,1,1,1,1,1
49.6,5,1,1,1,1,1,1,1,1,1,1,1,1,1,1,1
49.8,5,1,1,1,1,1,1,1,1,1,1,1,1,1,1,1
50,5,1,1,1,1,1,1,1,1,1,1,1,1,1,1,1
50.2,5,1,1,1,1,1,1,1,1,1,1,1,1,1,1,1
50.4,5,1,1,1,1,1,1,1,1,1,1,1,1,1,1,1
50.6,5,1,1,1,1,1,1,1,1,1,1,1,1,1,1,1
50.8,5,1,1,1,1,1,1,1,1,1,1,1,1,1,1,1
51,5,1,1,1,1,1,1,1,1,1,1,1,1,1,1,1
51.2,5,1,1,1,1,1,1,1,1,1,1,1,1,1,1,1
51.4,5,1,1,1,1,1,1,1,1,1,1,1,1,1,1,1
51.6,5,1,1,1,1,1,1,1,1,1,1,1,1,1,1,1
51.8,5,1,1,1,1,1,1,1,1,1,1,1,1,1,1,1
52,5,1,1,1,1,1,1,1,1,1,1,1,1,1,1,1
52.2,5,1,1,1,1,1,1,1,1,1,1,1,1,1,1,1
52.4,5,1,1,1,1,1,1,1,1,1,1,1,1,1,1,1
52.6,5,1,1,1,1,1,1,1,1,1,1,1,1,1,1,1
52.8,5,1,1,1,1,1,1,1,1,1,1,1,1,1,1,1
53,5,1,1,1,1,1,1,1,1,1,1,1,1,1,1,1
53.2,5,1,1,1,1,1,1,1,1,1,1,1,1,1,1,1
53.4,5,1,1,1,1,1,1,1,1,1,1,1,1,1,1,1
53.6,5,1,1,1,1,1,1,1,1,1,1,1,1,1,1,1
53.8,5,1,1,1,1,1,1,1,1,1,1,1,1,1,1,1
54,5,1,1,1,1,1,1,1,1,1,1,1,1,1,1,1
54.2,5,1,1,1,1,1,1,1,1,1,1,1,1,1,1,1
54.4,5,1,1,1,1,1,1,1,1,1,1,1,1,1,1,1
54.6,5,1,1,1,1,1,1,1,1,1,1,1,1,1,1,1
54.8,5,1,1,1,1,1,1,1,1,1,1,1,1,1,1,1
55,5,1,1,1,1,1,1,1,1,1,1,1,1,1,1,1
55.2,5,1,1,1,1,1,1,1,1,1,1,1,1,1,1,1
55.4,5,1,1,1,1,1,1,1,1,1,1,1,1,1,1,1
55.6,5,1,1,1,1,1,1,1,1,1,1,1,1,1,1,1
55.8,5,1,1,1,1,1,1,1,1,1,1,1,1,1,1,1
56,5,1,1,1,1,1,1,1,1,1,1,1,1,1,1,1
56.2,5,1,1,1,1,1,1,1,1,1,1,1,1,1,1,1
56.4,5,1,1,1,1,1,1,1,1,1,1,1,1,1,1,1
56.6,5,1,1,1,1,1,1,1,1,1,1,1,1,1,1,1
56.8,5,1,1,1,1,1,1,1,1,1,1,1,1,1,1,1
57,5,1,1,1,1,1,1,1,1,1,1,1,1,1,1,1
57.2,5,1,1,1,1,1,1,1,1,1,1,1,1,1,1,1
57.4,5,1,1,1,1,1,1,1,1,1,1,1,1,1,1,1
57.6,5,1,1,1,1,1,1,1,1,1,1,1,1,1,1,1
57.8,5,1,1,1,1,1,1,1,1,1,1,1,1,1,1,1
58,5,1,1,1,1,1,1,1,1,1,1,1,1,1,1,1
58.2,5,1,1,1,1,1,1,1,1,1,1,1,1,1,1,1
58.4,5,1,1,1,1,1,1,1,1,1,1,1,1,1,1,1
58.6,5,1,1,1,1,1,1,1,1,1,1,1,1,1,1,1
58.8,5,1,1,1,1,1,1,1,1,1,1,1,1,1,1,1
59,5,1,1,1,1,1,1,1,1,1,1,1,1,1,1,1
59.2,5,1,1,1,1,1,1,1,1,1,1,1,1,1,1,1
59.4,5,1,1,1,1,1,1,1,1,1,1,1,1,1,1,1
59.6,5,1,1,1,1,1,1,1,1,1,1,1,1,1,1,1
59.8,5,1,1,1,1,1,1,1,1,1,1,1,1,1,1,1
60,5,1,1,1,1,1,1,1,1,1,1,1,1,1,1,1
60.2,5,1,1,1,1,1,1,1,1,1,1,1,1,1,1,1
60.4,5,1,1,1,1,1,1,1,1,1,1,1,1,1,1,1
60.6,5,1,1,1,1,1,1,1,1,1,1,1,1,1,1,1
60.8,5,1,1,1,1,1,1,1,1,1,1,1,1,1,1,1
61,5,1,1,1,1,1,1,1,1,1,1,1,1,1,1,1
61.2,5,1,1,1,1,1,1,1,1,1,1,1,1,1,1,1
61.4,5,1,1,1,1,1,1,1,1,1,1,1,1,1,1,1
61.6,5,1,1,1,1,1,1,1,1,1,1,1,1,1,1,1
61.8,5,1,1,1,1,1,1,1,1,1,1,1,1,1,1,1
62,5,1,1,1,1,1,1,1,1,1,1,1,1,1,1,1
62.2,5,1,1,1,1,1,1,1,1,1,1,1,1,1,1,1
62.4,5,1,1,1,1,1,1,1,1,1,1,1,1,1,1,1
62.6,5,1,1,1,1,1,1,1,1,1,1,1,1,1,1,1
62.8,5,1,1,1,1,1,1,1,1,1,1,1,1,1,1,1
63,5,1,1,1,1,1,1,1,1,1,1,1,1,1,1,1
63.2,5,1,1,1,1,1,1,1,1,1,1,1,1,1,1,1
63.4,5,1,1,1,1,1,1,1,1,1,1,1,1,1,1,1
63.6,5,1,1,1,1,1,1,1,1,1,1,1,1,1,1,1
63.8,5,1,1,1,1,1,1,1,1,1,1,1,1,1,1,1
64,5,1,1,1,1,1,1,1,1,1,1,1,1,1,1,1
64.2,5,1,1,1,1,1,1,1,1,1,1,1,1,1,1,1
64.4,5,1,1,1,1,1,1,1,1,1,1,1,1,1,1,1
64.6,5,1,1,1,1,1,1,1,1,1,1,1,1,1,1,1
64.8,5,1,1,1,1,1,1,1,1,1,1,1,1,1,1,1
65,5,1,1,1,1,1,1,1,1,1,1,1,1,1,1,1
65.2,5,1,1,1,1,1,1,1,1,1,1,1,1,1,1,1
65.4,5,1,1,1,1,1,1,1,1,1,1,1,1,1,1,1
65.6,5,1,1,1,1,1,1,1,1,1,1,1,1,1,1,1
65.8,5,1,1,1,1,1,1,1,1,1,1,1,1,1,1,1
66,5,1,1,1,1,1,1,1,1,1,1,1,1,1,1,1
66.2,5,1,1,1,1,1,1,1,1,1,1,1,1,1,1,1
66.4,5,1,1,1,1,1,1,1,1,1,1,1,1,1,1,1
66.6,5,1,1,1,1,1,1,1,1,1,1,1,1,1,1,1
66.8,5,1,1,1,1,1,1,1,1,1,1,1,1,1,1,1
67,5,1,1,1,1,1,1,1,1,1,1,1,1,1,1,1
67.2,5,1,1,1,1,1,1,1,1,1,1,1,1,1,1,1
67.4,5,1,1,1,1,1,1,1,1,1,1,1,1,1,1,1
67.6,5,1,1,1,1,1,1,1,1,1,1,1,1,1,1,1
67.8,5,1,1,1,1,1,1,1,1,1,1,1,1,1,1,1
68,5,1,1,1,1,1,1,1,1,1,1,1,1,1,1,1
68.2,5,1,1,1,1,1,1,1,1,1,1,1,1,1,1,1
68.4,5,1,1,1,1,1,1,1,1,1,1,1,1,1,1,1
68.6,5,1,1,1,1,1,1,1,1,1,1,1,1,1,1,1
68.8,5,1,1,1,1,1,1,1,1,1,1,1,1,1,1,1
69,5,1,1,1,1,1,1,1,1,1,1,1,1,1,1,1
69.2,5,1,1,1,1,1,1,1,1,1,1,1,1,1,1,1
69.4,5,1,1,1,1,1,1,1,1,1,1,1,1,1,1,1
69.6,5,1,1,1,1,1,1,1,1,1,1,1,1,1,1,1
69.8,5,1,1,1,1,1,1,1,1,1,1,1,1,1,1,1
70,5,1,1,1,1,1,1,1,1,1,1,1,1,1,1,1
70.2,5,1,1,1,1,1,1,1,1,1,1,1,1,1,1,1
70.4,5,1,1,1,1,1,1,1,1,1,1,1,1,1,1,1
70.6,5,1,1,1,1,1,1,1,1,1,1,1,1,1,1,1
70.8,5,1,1,1,1,1,1,1,1,1,1,1,1,1,1,1
71,5,1,1,1,1,1,1,1,1,1,1,1,1,1,1,1
71.2,5,1,1,1,1,1,1,1,1,1,1,1,1,1,1,1
71.4,5,1,1,1,1,1,1,1,1,1,1,1,1,1,1,1
71.6,5,1,1,1,1,1,1,1,1,1,1,1,1,1,1,1
71.8,5,1,1,1,1,1,1,1,1,1,1,1,1,1,1,1
72,5,1,1,1,1,1,1,1,1,1,1,1,1,1,1,1
72.2,5,1,1,1,1,1,1,1,1,1,1,1,1,1,1,1
72.4,5,1,1,1,1,1,1,1,1,1,1,1,1,1,1,1
72.6,5,1,1,1,1,1,1,1,1,1,1,1,1,1,1,1
72.8,5,1,1,1,1,1,1,1,1,1,1,1,1,1,1,1
73,5,1,1,1,1,1,1,1,1,1,1,1,1,1,1,1
73.2,5,1,1,1,1,1,1,1,1,1,1,1,1,1,1,1
73.4,5,1,1,1,1,1,1,1,1,1,1,1,1,1,1,1
73.6,5,1,1,1,1,1,1,1,1,1,1,1,1,1,1,1
73.8,5,1,1,1,1,1,1,1,1,1,1,1,1,1,1,1
74,5,1,1,1,1,1,1,1,1,1,1,1,1,1,1,1
74.2,5,1,1,1,1,1,1,1,1,1,1,1,1,1,1,1
74.4,5,1,1,1,1,1,1,1,1,1,1,1,1,1,1,1
74.6,5,1,1,1,1,1,1,1,1,1,1,1,1,1,1,1
74.8,5,1,1,1,1,1,1,1,1,1,1,1,1,1,1,1
75,5,1,1,1,1,1,1,1,1,1,1,1,1,1,1,1
75.2,5,1,1,1,1,1,1,1,1,1,1,1,1,1,1,1
75.4,5,1,1,1,1,1,1,1,1,1,1,1,1,1,1,1
75.6,5,1,1,1,1,1,1,1,1,1,1,1,1,1,1,1
75.8,5,1,1,1,1,1,1,1,1,1,1,1,1,1,1,1
76,5,1,1,1,1,1,1,1,1,1,1,1,1,1,1,1
76.2,5,1,1,1,1,1,1,1,1,1,1,1,1,1,1,1
76.4,5,1,1,1,1,1,1,1,1,1,1,1,1,1,1,1
76.6,5,1,1,1,1,1,1,1,1,1,1,1,1,1,1,1
76.8,5,1,1,1,1,1,1,1,1,1,1,1,1,1,1,1
77,5,1,1,1,1,1,1,1,1,1,1,1,1,1,1,1
77.2,5,1,1,1,1,1,1,1,1,1,1,1,1,1,1,1
77.4,5,1,1,1,1,1,1,1,1,1,1,1,1,1,1,1
77.6,5,1,1,1,1,1,1,1,1,1,1,1,1,1,1,1
77.8,5,1,1,1,1,1,1,1,1,1,1,1,1,1,1,1
78,5,1,1,1,1,1,1,1,1,1,1,1,1,1,1,1
78.2,5,1,1,1,1,1,1,1,1,1,1,1,1,1,1,1
78.4,5,1,1,1,1,1,1,1,1,1,1,1,1,1,1,1
78.6,5,1,1,1,1,1,1,1,1,1,1,1,1,1,1,1
78.8,5,1,1,1,1,1,1,1,1,1,1,1,1,1,1,1
79,5,1,1,1,1,1,1,1,1,1,1,1,1,1,1,1
79.2,5,1,1,1,1,1,1,1,1,1,1,1,1,1,1,1
79.4,5,1,1,1,1,1,1,1,1,1,1,1,1,1,1,1
79.6,5,1,1,1,1,1,1,1,1,1,1,1,1,1,1,1
79.8,5,1,1,1,1,1,1,1,1,1,1,1,1,1,1,1
80,5,1,1,1,1,1,1,1,1,1,1,1,1,1,1,1
80.2,5,1,1,1,1,1,1,1,1,1,1,1,1,1,1,1
80.4,5,1,1,1,1,1,1,1,1,1,1,1,1,1,1,1
80.6,5,1,1,1,1,1,1,1,1,1,1,1,1,1,1,1
80.8,5,1,1,1,1,1,1,1,1,1,1,1,1,1,1,1
81,5,1,1,1,1,1,1,1,1,1,1,1,1,1,1,1
81.2,5,1,1,1,1,1,1,1,1,1,1,1,1,1,1,1
81.4,5,1,1,1,1,1,1,1,1,1,1,1,1,1,1,1
81.6,5,1,1,1,1,1,1,1,1,1,1,1,1,1,1,1
81.8,5,1,1,1,1,1,1,1,1,1,1,1,1,1,1,1
82,5,1,1,1,1,1,1,1,1,1,1,1,1,1,1,1
82.2,5,1,1,1,1,1,1,1,1,1,1,1,1,1,1,1
82.4,5,1,1,1,1,1,1,1,1,1,1,1,1,1,1,1
82.6,5,1,1,1,1,1,1,1,1,1,1,1,1,1,1,1
82.8,5,1,1,1,1,1,1,1,1,1,1,1,1,1,1,1
83,5,1,1,1,1,1,1,1,1,1,1,1,1,1,1,1
83.2,5,1,1,1,1,1,1,1,1,1,1,1,1,1,1,1
83.4,5,1,1,1,1,1,1,1,1,1,1,1,1,1,1,1
83.6,5,1,1,1,1,1,1,1,1,1,1,1,1,1,1,1
83.8,5,1,1,1,1,1,1,1,1,1,1,1,1,1,1,1
84,5,1,1,1,1,1,1,1,1,1,1,1,1,1,1,1
84.2,5,1,1,1,1,1,1,1,1,1,1,1,1,1,1,1
84.4,5,1,1,1,1,1,1,1,1,1,1,1,1,1,1,1
84.6,5,1,1,1,1,1,1,1,1,1,1,1,1,1,1,1
84.8,5,1,1,1,1,1,1,1,1,1,1,1,1,1,1,1
85,5,1,1,1,1,1,1,1,1,1,1,1,1,1,1,1
85.2,5,1,1,1,1,1,1,1,1,1,1,1,1,1,1,1
85.4,5,1,1,1,1,1,1,1,1,1,1,1,1,1,1,1
85.6,5,1,1,1,1,1,1,1,1,1,1,1,1,1,1,1
85.8,5,1,1,1,1,1,1,1,1,1,1,1,1,1,1,1
86,5,1,1,1,1,1,1,1,1,1,1,1,1,1,1,1
86.2,5,1,1,1,1,1,1,1,1,1,1,1,1,1,1,1
86.4,5,1,1,1,1,1,1,1,1,1,1,1,1,1,1,1
86.6,5,1,1,1,1,1,1,1,1,1,1,1,1,1,1,1
86.8,5,1,1,1,1,1,1,1,1,1,1,1,1,1,1,1
87,5,1,1,1,1,1,1,1,1,1,1,1,1,1,1,1
87.2,5,1,1,1,1,1,1,1,1,1,1,1,1,1,1,1
87.4,5,1,1,1,1,1,1,1,1,1,1,1,1,1,1,1
87.6,5,1,1,1,1,1,1,1,1,1,1,1,1,1,1,1
87.8,5,1,1,1,1,1,1,1,1,1,1,1,1,1,1,1
88,5,1,1,1,1,1,1,1,1,1,1,1,1,1,1,1
88.2,5,1,1,1,1,1,1,1,1,1,1,1,1,1,1,1
88.4,5,1,1,1,1,1,1,1,1,1,1,1,1,1,1,1
88.6,5,1,1,1,1,1,1,1,1,1,1,1,1,1,1,1
88.8,5,1,1,1,1,1,1,1,1,1,1,1,1,1,1,1
89,5,1,1,1,1,1,1,1,1,1,1,1,1,1,1,1
89.2,5,1,1,1,1,1,1,1,1,1,1,1,1,1,1,1
89.4,5,1,1,1,1,1,1,1,1,1,1,1,1,1,1,1
89.6,5,1,1,1,1,1,1,1,1,1,1,1,1,1,1,1
89.8,5,1,1,1,1,1,1,1,1,1,1,1,1,1,1,1
90,5,1,1,1,1,1,1,1,1,1,1,1,1,1,1,1
90.2,5,1,1,1,1,1,1,1,1,1,1,1,1,1,1,1
90.4,5,1,1,1,1,1,1,1,1,1,1,1,1,1,1,1
90.6,5,1,1,1,1,1,1,1,1,1,1,1,1,1,1,1
90.8,5,1,1,1,1,1,1,1,1,1,1,1,1,1,1,1
91,5,1,1,1,1,1,1,1,1,1,1,1,1,1,1,1
91.2,5,1,1,1,1,1,1,1,1,1,1,1,1,1,1,1
91.4,5,1,1,1,1,1,1,1,1,1,1,1,1,1,1,1
91.6,5,1,1,1,1,1,1,1,1,1,1,1,1,1,1,1
91.8,5,1,1,1,1,1,1,1,1,1,1,1,1,1,1,1
92,5,1,1,1,1,1,1,1,1,1,1,1,1,1,1,1
92.2,5,1,1,1,1,1,1,1,1,1,1,1,1,1,1,1
92.4,5,1,1,1,1,1,1,1,1,1,1,1,1,1,1,1
92.6,5,1,1,1,1,1,1,1,1,1,1,1,1,1,1,1
92.8,5,1,1,1,1,1,1,1,1,1,1,1,1,1,1,1
93,5,1,1,1,1,1,1,1,1,1,1,1,1,1,1,1
93.2,5,1,1,1,1,1,1,1,1,1,1,1,1,1,1,1
93.4,5,1,1,1,1,1,1,1,1,1,1,1,1,1,1,1
93.6,5,1,1,1,1,1,1,1,1,1,1,1,1,1,1,1
93.8,5,1,1,1,1,1,1,1,1,1,1,1,1,1,1,1
94,5,1,1,1,1,1,1,1,1,1,1,1,1,1,1,1
94.2,5,1,1,1,1,1,1,1,1,1,1,1,1,1,1,1
94.4,5,1,1,1,1,1,1,1,1,1,1,1,1,1,1,1
94.6,5,1,1,1,1,1,1,1,1,1,1,1,1,1,1,1
94.8,5,1,1,1,1,1,1,1,1,1,1,1,1,1,1,1
95,5,1,1,1,1,1,1,1,1,1,1,1,1,1,1,1
95.2,5,1,1,1,1,1,1,1,1,1,1,1,1,1,1,1
95.4,5,1,1,1,1,1,1,1,1,1,1,1,1,1,1,1
95.6,5,1,1,1,1,1,1,1,1,1,1,1,1,1,1,1
95.8,5,1,1,1,1,1,1,1,1,1,1,1,1,1,1,1
96,5,1,1,1,1,1,1,1,1,1,1,1,1,1,1,1
96.2,5,1,1,1,1,1,1,1,1,1,1,1,1,1,1,1
96.4,5,1,1,1,1,1,1,1,1,1,1,1,1,1,1,1
96.6,5,1,1,1,1,1,1,1,1,1,1,1,1,1,1,1
96.8,5,1,1,1,1,1,1,1,1,1,1,1,1,1,1,1
97,5,1,1,1,1,1,1,1,1,1,1,1,1,1,1,1
97.2,5,1,1,1,1,1,1,1,1,1,1,1,1,1,1,1
97.4,5,1,1,1,1,1,1,1,1,1,1,1,1,1,1,1
97.6,5,1,1,1,1,1,1,1,1,1,1,1,1,1,1,1
97.8,5,1,1,1,1,1,1,1,1,1,1,1,1,1,1,1
98,5,1,1,1,1,1,1,1,1,1,1,1,1,1,1,1
98.2,5,1,1,1,1,1,1,1,1,1,1,1,1,1,1,1
98.4,5,1,1,1,1,1,1,1,1,1,1,1,1,1,1,1
98.6,5,1,1,1,1,1,1,1,1,1,1,1,1,1,1,1
98.8,5,1,1,1,1,1,1,1,1,1,1,1,1,1,1,1
99,5,1,1,1,1,1,1,1,1,1,1,1,1,1,1,1
99.2,5,1,1,1,1,1,1,1,1,1,1,1,1,1,1,1
99.4,5,1,1,1,1,1,1,1,1,1,1,1,1,1,1,1
99.6,5,1,1,1,1,1,1,1,1,1,1,1,1,1,1,1
99.8,5,1,1,1,1,1,1,1,1,1,1,1,1,1,1,1
100,5,1,1,1,1,1,1,1,1,1,1,1,1,1,1,1
100.2,5,1,1,1,1,1,1,1,1,1,1,1,1,1,1,1
100.4,5,1,1,1,1,1,1,1,1,1,1,1,1,1,1,1
100.6,5,1,1,1,1,1,1,1,1,1,1,1,1,1,1,1
100.8,5,1,1,1,1,1,1,1,1,1,1,1,1,1,1,1
101,5,1,1,1,1,1,1,1,1,1,1,1,1,1,1,1
101.2,5,1,1,1,1,1,1,1,1,1,1,1,1,1,1,1
101.4,5,1,1,1,1,1,1,1,1,1,1,1,1,1,1,1
101.6,5,1,1,1,1,1,1,1,1,1,1,1,1,1,1,1
101.8,5,1,1,1,1,1,1,1,1,1,1,1,1,1,1,1
102,5,1,1,1,1,1,1,1,1,1,1,1,1,1,1,1
102.2,5,1,1,1,1,1,1,1,1,1,1,1,1,1,1,1
102.4,5,1,1,1,1,1,1,1,1,1,1,1,1,1,1,1
102.6,5,1,1,1,1,1,1,1,1,1,1,1,1,1,1,1
102.8,5,1,1,1,1,1,1,1,1,1,1,1,1,1,1,1
103,5,1,1,1,1,1,1,1,1,1,1,1,1,1,1,1
103.2,5,1,1,1,1,1,1,1,1,1,1,1,1,1,1,1
103.4,5,1,1,1,1,1,1,1,1,1,1,1,1,1,1,1
103.6,5,1,1,1,1,1,1,1,1,1,1,1,1,1,1,1
103.8,5,1,1,1,1,1,1,1,1,1,1,1,1,1,1,1
104,5,1,1,1,1,1,1,1,1,1,1,1,1,1,1,1
104.2,5,1,1,1,1,1,1,1,1,1,1,1,1,1,1,1
104.4,5,1,1,1,1,1,1,1,1,1,1,1,1,1,1,1
104.6,5,1,1,1,1,1,1,1,1,1,1,1,1,1,1,1
104.8,5,1,1,1,1,1,1,1,1,1,1,1,1,1,1,1
105,5,1,1,1,1,1,1,1,1,1,1,1,1,1,1,1
105.2,5,1,1,1,1,1,1,1,1,1,1,1,1,1,1,1
105.4,5,1,1,1,1,1,1,1,1,1,1,1,1,1,1,1
105.6,5,1,1,1,1,1,1,1,1,1,1,1,1,1,1,1
105.8,5,1,1,1,1,1,1,1,1,1,1,1,1,1,1,1
106,5,1,1,1,1,1,1,1,1,1,1,1,1,1,1,1
106.2,5,1,1,1,1,1,1,1,1,1,1,1,1,1,1,1
106.4,5,1,1,1,1,1,1,1,1,1,1,1,1,1,1,1
106.6,5,1,1,1,1,1,1,1,1,1,1,1,1,1,1,1
106.8,5,1,1,1,1,1,1,1,1,1,1,1,1,1,1,1
107,5,1,1,1,1,1,1,1,1,1,1,1,1,1,1,1
107.2,5,1,1,1,1,1,1,1,1,1,1,1,1,1,1,1
107.4,5,1,1,1,1,1,1,1,1,1,1,1,1,1,1,1
107.6,5,1,1,1,1,1,1,1,1,1,1,1,1,1,1,1
107.8,5,1,1,1,1,1,1,1,1,1,1,1,1,1,1,1
108,5,1,1,1,1,1,1,1,1,1,1,1,1,1,1,1
108.2,5,1,1,1,1,1,1,1,1,1,1,1,1,1,1,1
108.4,5,1,1,1,1,1,1,1,1,1,1,1,1,1,1,1
108.6,5,1,1,1,1,1,1,1,1,1,1,1,1,1,1,1
108.8,5,1,1,1,1,1,1,1,1,1,1,1,1,1,1,1
109,5,1,1,1,1,1,1,1,1,1,1,1,1,1,1,1
109.2,5,1,1,1,1,1,1,1,1,1,1,1,1,1,1,1
109.4,5,1,1,1,1,1,1,1,1,1,1,1,1,1,1,1
109.6,5,1,1,1,1,1,1,1,1,1,1,1,1,1,1,1
109.8,5,1,1,1,1,1,1,1,1,1,1,1,1,1,1,1
110,5,1,1,1,1,1,1,1,1,1,1,1,1,1,1,1
110.2,5,1,1,1,1,1,1,1,1,1,1,1,1,1,1,1
110.4,5,1,1,1,1,1,1,1,1,1,1,1,1,1,1,1
110.6,5,1,1,1,1,1,1,1,1,1,1,1,1,1,1,1
110.8,5,1,1,1,1,1,1,1,1,1,1,1,1,1,1,1
111,5,1,1,1,1,1,1,1,1,1,1,1,1,1,1,1
111.2,5,1,1,1,1,1,1,1,1,1,1,1,1,1,1,1
111.4,5,1,1,1,1,1,1,1,1,1,1,1,1,1,1,1
111.6,5,1,1,1,1,1,1,1,1,1,1,1,1,1,1,1
111.8,5,1,1,1,1,1,1,1,1,1,1,1,1,1,1,1
112,5,1,1,1,1,1,1,1,1,1,1,1,1,1,1,1
112.2,5,1,1,1,1,1,1,1,1,1,1,1,1,1,1,1
112.4,5,1,1,1,1,1,1,1,1,1,1,1,1,1,1,1
112.6,5,1,1,1,1,1,1,1,1,1,1,1,1,1,1,1
112.8,5,1,1,1,1,1,1,1,1,1,1,1,1,1,1,1
113,5,1,1,1,1,1,1,1,1,1,1,1,1,1,1,1
113.2,5,1,1,1,1,1,1,1,1,1,1,1,1,1,1,1
113.4,5,1,1,1,1,1,1,1,1,1,1,1,1,1,1,1
113.6,5,1,1,1,1,1,1,1,1,1,1,1,1,1,1,1
113.8,5,1,1,1,1,1,1,1,1,1,1,1,1,1,1,1
114,5,1,1,1,1,1,1,1,1,1,1,1,1,1,1,1
114.2,5,1,1,1,1,1,1,1,1,1,1,1,1,1,1,1
114.4,5,1,1,1,1,1,1,1,1,1,1,1,1,1,1,1
114.6,5,1,1,1,1,1,1,1,1,1,1,1,1,1,1,1
114.8,5,1,1,1,1,1,1,1,1,1,1,1,1,1,1,1
115,5,1,1,1,1,1,1,1,1,1,1,1,1,1,1,1
115.2,5,1,1,1,1,1,1,1,1,1,1,1,1,1,1,1
115.4,5,1,1,1,1,1,1,1,1,1,1,1,1,1,1,1
115.6,5,1,1,1,1,1,1,1,1,1,1,1,1,1,1,1
115.8,5,1,1,1,1,1,1,1,1,1,1,1,1,1,1,1
116,5,1,1,1,1,1,1,1,1,1,1,1,1,1,1,1
116.2,5,1,1,1,1,1,1,1,1,1,1,1,1,1,1,1
116.4,5,1,1,1,1,1,1,1,1,1,1,1,1,1,1,1
116.6,5,1,1,1,1,1,1,1,1,1,1,1,1,1,1,1
116.8,5,1,1,1,1,1,1,1,1,1,1,1,1,1,1,1
117,5,1,1,1,1,1,1,1,1,1,1,1,1,1,1,1
117.2,5,1,1,1,1,1,1,1,1,1,1,1,1,1,1,1
117.4,5,1,1,1,1,1,1,1,1,1,1,1,1,1,1,1
117.6,5,1,1,1,1,1,1,1,1,1,1,1,1,1,1,1
117.8,5,1,1,1,1,1,1,1,1,1,1,1,1,1,1,1
118,5,1,1,1,1,1,1,1,1,1,1,1,1,1,1,1
118.2,5,1,1,1,1,1,1,1,1,1,1,1,1,1,1,1
118.4,5,1,1,1,1,1,1,1,1,1,1,1,1,1,1,1
118.6,5,1,1,1,1,1,1,1,1,1,1,1,1,1,1,1
118.8,5,1,1,1,1,1,1,1,1,1,1,1,1,1,1,1
119,5,1,1,1,1,1,1,1,1,1,1,1,1,1,1,1
119.2,5,1,1,1,1,1,1,1,1,1,1,1,1,1,1,1
119.4,5,1,1,1,1,1,1,1,1,1,1,1,1,1,1,1
119.6,5,1,1,1,1,1,1,1,1,1,1,1,1,1,1,1
119.8,5,1,1,1,1,1,1,1,1,1,1,1,1,1,1,1
120,5,1,1,1,1,1,1,1,1,1,1,1,1,1,1,1
120.2,5,1,1,1,1,1,1,1,1,1,1,1,1,1,1,1
120.4,5,1,1,1,1,1,1,1,1,1,1,1,1,1,1,1
120.6,5,1,1,1,1,1,1,1,1,1,1,1,1,1,1,1
120.8,5,1,1,1,1,1,1,1,1,1,1,1,1,1,1,1
121,5,1,1,1,1,1,1,1,1,1,1,1,1,1,1,1
121.2,5,1,1,1,1,1,1,1,1,1,1,1,1,1,1,1
121.4,5,1,1,1,1,1,1,1,1,1,1,1,1,1,1,1
121.6,5,1,1,1,1,1,1,1,1,1,1,1,1,1,1,1
121.8,5,1,1,1,1,1,1,1,1,1,1,1,1,1,1,1
122,5,1,1,1,1,1,1,1,1,1,1,1,1,1,1,1
122.2,5,1,1,1,1,1,1,1,1,1,1,1,1,1,1,1
122.4,5,1,1,1,1,1,1,1,1,1,1,1,1,1,1,1
122.6,5,1,1,1,1,1,1,1,1,1,1,1,1,1,1,1
122.8,5,1,1,1,1,1,1,1,1,1,1,1,1,1,1,1
123,5,1,1,1,1,1,1,1,1,1,1,1,1,1,1,1
123.2,5,1,1,1,1,1,1,1,1,1,1,1,1,1,1,1
123.4,5,1,1,1,1,1,1,1,1,1,1,1,1,1,1,1
123.6,5,1,1,1,1,1,1,1,1,1,1,1,1,1,1,1
123.8,5,1,1,1,1,1,1,1,1,1,1,1,1,1,1,1
124,5,1,1,1,1,1,1,1,1,1,1,1,1,1,1,1
124.2,5,1,1,1,1,1,1,1,1,1,1,1,1,1,1,1
124.4,5,1,1,1,1,1,1,1,1,1,1,1,1,1,1,1
124.6,5,1,1,1,1,1,1,1,1,1,1,1,1,1,1,1
124.8,5,1,1,1,1,1,1,1,1,1,1,1,1,1,1,1
125,5,1,1,1,1,1,1,1,1,1,1,1,1,1,1,1
125.2,5,1,1,1,1,1,1,1,1,1,1,1,1,1,1,1
125.4,5,1,1,1,1,1,1,1,1,1,1,1,1,1,1,1
125.6,5,1,1,1,1,1,1,1,1,1,1,1,1,1,1,1
125.8,5,1,1,1,1,1,1,1,1,1,1,1,1,1,1,1
126,5,1,1,1,1,1,1,1,1,1,1,1,1,1,1,1
126.2,5,1,1,1,1,1,1,1,1,1,1,1,1,1,1,1
126.4,5,1,1,1,1,1,1,1,1,1,1,1,1,1,1,1
126.6,5,1,1,1,1,1,1,1,1,1,1,1,1,1,1,1
126.8,5,1,1,1,1,1,1,1,1,1,1,1,1,1,1,1
127,5,1,1,1,1,1,1,1,1,1,1,1,1,1,1,1
127.2,5,1,1,1,1,1,1,1,1,1,1,1,1,1,1,1
127.4,5,1,1,1,1,1,1,1,1,1,1,1,1,1,1,1
127.6,5,1,1,1,1,1,1,1,1,1,1,1,1,1,1,1
127.8,5,1,1,1,1,1,1,1,1,1,1,1,1,1,1,1
128,5,1,1,1,1,1,1,1,1,1,1,1,1,1,1,1
128.2,5,1,1,1,1,1,1,1,1,1,1,1,1,1,1,1
128.4,5,1,1,1,1,1,1,1,1,1,1,1,1,1,1,1
128.6,5,1,1,1,1,1,1,1,1,1,1,1,1,1,1,1
128.8,5,1,1,1,1,1,1,1,1,1,1,1,1,1,1,1
129,5,1,1,1,1,1,1,1,1,1,1,1,1,1,1,1
129.2,5,1,1,1,1,1,1,1,1,1,1,1,1,1,1,1
129.4,5,1,1,1,1,1,1,1,1,1,1,1,1,1,1,1
129.6,5,1,1,1,1,1,1,1,1,1,1,1,1,1,1,1
129.8,5,1,1,1,1,1,1,1,1,1,1,1,1,1,1,1
130,5,1,1,1,1,1,1,1,1,1,1,1,1,1,1,1
130.2,5,1,1,1,1,1,1,1,1,1,1,1,1,1,1,1
130.4,5,1,1,1,1,1,1,1,1,1,1,1,1,1,1,1
130.6,5,1,1,1,1,1,1,1,1,1,1,1,1,1,1,1
130.8,5,1,1,1,1,1,1,1,1,1,1,1,1,1,1,1
131,5,1,1,1,1,1,1,1,1,1,1,1,1,1,1,1
131.2,5,1,1,1,1,1,1,1,1,1,1,1,1,1,1,1
131.4,5,1,1,1,1,1,1,1,1,1,1,1,1,1,1,1
131.6,5,1,1,1,1,1,1,1,1,1,1,1,1,1,1,1
131.8,5,1,1,1,1,1,1,1,1,1,1,1,1,1,1,1
132,5,1,1,1,1,1,1,1,1,1,1,1,1,1,1,1
132.2,5,1,1,1,1,1,1,1,1,1,1,1,1,1,1,1
132.4,5,1,1,1,1,1,1,1,1,1,1,1,1,1,1,1
132.6,5,1,1,1,1,1,1,1,1,1,1,1,1,1,1,1
132.8,5,1,1,1,1,1,1,1,1,1,1,1,1,1,1,1
133,5,1,1,1,1,1,1,1,1,1,1,1,1,1,1,1
133.2,5,1,1,1,1,1,1,1,1,1,1,1,1,1,1,1
133.4,5,1,1,1,1,1,1,1,1,1,1,1,1,1,1,1
133.6,5,1,1,1,1,1,1,1,1,1,1,1,1,1,1,1
133.8,5,1,1,1,1,1,1,1,1,1,1,1,1,1,1,1
134,5,1,1,1,1,1,1,1,1,1,1,1,1,1,1,1
134.2,5,1,1,1,1,1,1,1,1,1,1,1,1,1,1,1
134.4,5,1,1,1,1,1,1,1,1,1,1,1,1,1,1,1
134.6,5,1,1,1,1,1,1,1,1,1,1,1,1,1,1,1
134.8,5,1,1,1,1,1,1,1,1,1,1,1,1,1,1,1
135,5,1,1,1,1,1,1,1,1,1,1,1,1,1,1,1
135.2,5,1,1,1,1,1,1,1,1,1,1,1,1,1,1,1
135.4,5,1,1,1,1,1,1,1,1,1,1,1,1,1,1,1
135.6,5,1,1,1,1,1,1,1,1,1,1,1,1,1,1,1
135.8,5,1,1,1,1,1,1,1,1,1,1,1,1,1,1,1
136,5,1,1,1,1,1,1,1,1,1,1,1,1,1,1,1
136.2,5,1,1,1,1,1,1,1,1,1,1,1,1,1,1,1
136.4,5,1,1,1,1,1,1,1,1,1,1,1,1,1,1,1
136.6,5,1,1,1,1,1,1,1,1,1,1,1,1,1,1,1
136.8,5,1,1,1,1,1,1,1,1,1,1,1,1,1,1,1
137,5,1,1,1,1,1,1,1,1,1,1,1,1,1,1,1
137.2,5,1,1,1,1,1,1,1,1,1,1,1,1,1,1,1
137.4,5,1,1,1,1,1,1,1,1,1,1,1,1,1,1,1
137.6,5,1,1,1,1,1,1,1,1,1,1,1,1,1,1,1
137.8,5,1,1,1,1,1,1,1,1,1,1,1,1,1,1,1
138,5,1,1,1,1,1,1,1,1,1,1,1,1,1,1,1
138.2,5,1,1,1,1,1,1,1,1,1,1,1,1,1,1,1
138.4,5,1,1,1,1,1,1,1,1,1,1,1,1,1,1,1
138.6,5,1,1,1,1,1,1,1,1,1,1,1,1,1,1,1
138.8,5,1,1,1,1,1,1,1,1,1,1,1,1,1,1,1
139,5,1,1,1,1,1,1,1,1,1,1,1,1,1,1,1
139.2,5,1,1,1,1,1,1,1,1,1,1,1,1,1,1,1
139.4,5,1,1,1,1,1,1,1,1,1,1,1,1,1,1,1
139.6,5,1,1,1,1,1,1,1,1,1,1,1,1,1,1,1
139.8,5,1,1,1,1,1,1,1,1,1,1,1,1,1,1,1
140,5,1,1,1,1,1,1,1,1,1,1,1,1,1,1,1
140.2,5,1,1,1,1,1,1,1,1,1,1,1,1,1,1,1
140.4,5,1,1,1,1,1,1,1,1,1,1,1,1,1,1,1
140.6,5,1,1,1,1,1,1,1,1,1,1,1,1,1,1,1
140.8,5,1,1,1,1,1,1,1,1,1,1,1,1,1,1,1
141,5,1,1,1,1,1,1,1,1,1,1,1,1,1,1,1
141.2,5,1,1,1,1,1,1,1,1,1,1,1,1,1,1,1
141.4,5,1,1,1,1,1,1,1,1,1,1,1,1,1,1,1
141.6,5,1,1,1,1,1,1,1,1,1,1,1,1,1,1,1
141.8,5,1,1,1,1,1,1,1,1,1,1,1,1,1,1,1
142,5,1,1,1,1,1,1,1,1,1,1,1,1,1,1,1
142.2,5,1,1,1,1,1,1,1,1,1,1,1,1,1,1,1
142.4,5,1,1,1,1,1,1,1,1,1,1,1,1,1,1,1
142.6,5,1,1,1,1,1,1,1,1,1,1,1,1,1,1,1
142.8,5,1,1,1,1,1,1,1,1,1,1,1,1,1,1,1
143,5,1,1,1,1,1,1,1,1,1,1,1,1,1,1,1
143.2,5,1,1,1,1,1,1,1,1,1,1,1,1,1,1,1
143.4,5,1,1,1,1,1,1,1,1,1,1,1,1,1,1,1
143.6,5,1,1,1,1,1,1,1,1,1,1,1,1,1,1,1
143.8,5,1,1,1,1,1,1,1,1,1,1,1,1,1,1,1
144,5,1,1,1,1,1,1,1,1,1,1,1,1,1,1,1
144.2,5,1,1,1,1,1,1,1,1,1,1,1,1,1,1,1
144.4,5,1,1,1,1,1,1,1,1,1,1,1,1,1,1,1
144.6,5,1,1,1,1,1,1,1,1,1,1,1,1,1,1,1
144.8,5,1,1,1,1,1,1,1,1,1,1,1,1,1,1,1
145,5,1,1,1,1,1,1,1,1,1,1,1,1,1,1,1
145.2,5,1,1,1,1,1,1,1,1,1,1,1,1,1,1,1
145.4,5,1,1,1,1,1,1,1,1,1,1,1,1,1,1,1
145.6,5,1,1,1,1,1,1,1,1,1,1,1,1,1,1,1
145.8,5,1,1,1,1,1,1,1,1,1,1,1,1,1,1,1
146,5,1,1,1,1,1,1,1,1,1,1,1,1,1,1,1
146.2,5,1,1,1,1,1,1,1,1,1,1,1,1,1,1,1
146.4,5,1,1,1,1,1,1,1,1,1,1,1,1,1,1,1
146.6,5,1,1,1,1,1,1,1,1,1,1,1,1,1,1,1
146.8,5,1,1,1,1,1,1,1,1,1,1,1,1,1,1,1
147,5,1,1,1,1,1,1,1,1,1,1,1,1,1,1,1
147.2,5,1,1,1,1,1,1,1,1,1,1,1,1,1,1,1
147.4,5,1,1,1,1,1,1,1,1,1,1,1,1,1,1,1
147.6,5,1,1,1,1,1,1,1,1,1,1,1,1,1,1,1
147.8,5,1,1,1,1,1,1,1,1,1,1,1,1,1,1,1
148,5,1,1,1,1,1,1,1,1,1,1,1,1,1,1,1
148.2,5,1,1,1,1,1,1,1,1,1,1,1,1,1,1,1
148.4,5,1,1,1,1,1,1,1,1,1,1,1,1,1,1,1
148.6,5,1,1,1,1,1,1,1,1,1,1,1,1,1,1,1
148.8,5,1,1,1,1,1,1,1,1,1,1,1,1,1,1,1
149,5,1,1,1,1,1,1,1,1,1,1,1,1,1,1,1
149.2,5,1,1,1,1,1,1,1,1,1,1,1,1,1,1,1
149.4,5,1,1,1,1,1,1,1,1,1,1,1,1,1,1,1
149.6,5,1,1,1,1,1,1,1,1,1,1,1,1,1,1,1
149.8,5,1,1,1,1,1,1,1,1,1,1,1,1,1,1,1
150,5,1,1,1,1,1,1,1,1,1,1,1,1,1,1,1
150.2,5,1,1,1,1,1,1,1,1,1,1,1,1,1,1,1
150.4,5,1,1,1,1,1,1,1,1,1,1,1,1,1,1,1
150.6,5,1,1,1,1,1,1,1,1,1,1,1,1,1,1,1
150.8,5,1,1,1,1,1,1,1,1,1,1,1,1,1,1,1
151,5,1,1,1,1,1,1,1,1,1,1,1,1,1,1,1
151.2,5,1,1,1,1,1,1,1,1,1,1,1,1,1,1,1
151.4,5,1,1,1,1,1,1,1,1,1,1,1,1,1,1,1
151.6,5,1,1,1,1,1,1,1,1,1,1,1,1,1,1,1
151.8,5,1,1,1,1,1,1,1,1,1,1,1,1,1,1,1
152,5,1,1,1,1,1,1,1,1,1,1,1,1,1,1,1
152.2,5,1,1,1,1,1,1,1,1,1,1,1,1,1,1,1
152.4,5,1,1,1,1,1,1,1,1,1,1,1,1,1,1,1
152.6,5,1,1,1,1,1,1,1,1,1,1,1,1,1,1,1
152.8,5,1,1,1,1,1,1,1,1,1,1,1,1,1,1,1
153,5,1,1,1,1,1,1,1,1,1,1,1,1,1,1,1
153.2,5,1,1,1,1,1,1,1,1,1,1,1,1,1,1,1
153.4,5,1,1,1,1,1,1,1,1,1,1,1,1,1,1,1
153.6,5,1,1,1,1,1,1,1,1,1,1,1,1,1,1,1
153.8,5,1,1,1,1,1,1,1,1,1,1,1,1,1,1,1
154,5,1,1,1,1,1,1,1,1,1,1,1,1,1,1,1
154.2,5,1,1,1,1,1,1,1,1,1,1,1,1,1,1,1
154.4,5,1,1,1,1,1,1,1,1,1,1,1,1,1,1,1
154.6,5,1,1,1,1,1,1,1,1,1,1,1,1,1,1,1
154.8,5,1,1,1,1,1,1,1,1,1,1,1,1,1,1,1
155,5,1,1,1,1,1,1,1,1,1,1,1,1,1,1,1
155.2,5,1,1,1,1,1,1,1,1,1,1,1,1,1,1,1
155.4,5,1,1,1,1,1,1,1,1,1,1,1,1,1,1,1
155.6,5,1,1,1,1,1,1,1,1,1,1,1,1,1,1,1
155.8,5,1,1,1,1,1,1,1,1,1,1,1,1,1,1,1
156,5,1,1,1,1,1,1,1,1,1,1,1,1,1,1,1
156.2,5,1,1,1,1,1,1,1,1,1,1,1,1,1,1,1
156.4,5,1,1,1,1,1,1,1,1,1,1,1,1,1,1,1
156.6,5,1,1,1,1,1,1,1,1,1,1,1,1,1,1,1
156.8,5,1,1,1,1,1,1,1,1,1,1,1,1,1,1,1
157,5,1,1,1,1,1,1,1,1,1,1,1,1,1,1,1
157.2,5,1,1,1,1,1,1,1,1,1,1,1,1,1,1,1
157.4,5,1,1,1,1,1,1,1,1,1,1,1,1,1,1,1
157.6,5,1,1,1,1,1,1,1,1,1,1,1,1,1,1,1
157.8,5,1,1,1,1,1,1,1,1,1,1,1,1,1,1,1
158,5,1,1,1,1,1,1,1,1,1,1,1,1,1,1,1
158.2,5,1,1,1,1,1,1,1,1,1,1,1,1,1,1,1
158.4,5,1,1,1,1,1,1,1,1,1,1,1,1,1,1,1
158.6,5,1,1,1,1,1,1,1,1,1,1,1,1,1,1,1
158.8,5,1,1,1,1,1,1,1,1,1,1,1,1,1,1,1
159,5,1,1,1,1,1,1,1,1,1,1,1,1,1,1,1
159.2,5,1,1,1,1,1,1,1,1,1,1,1,1,1,1,1
159.4,5,1,1,1,1,1,1,1,1,1,1,1,1,1,1,1
159.6,5,1,1,1,1,1,1,1,1,1,1,1,1,1,1,1
159.8,5,1,1,1,1,1,1,1,1,1,1,1,1,1,1,1
160,5,1,1,1,1,1,1,1,1,1,1,1,1,1,1,1
160.2,5,1,1,1,1,1,1,1,1,1,1,1,1,1,1,1
160.4,5,1,1,1,1,1,1,1,1,1,1,1,1,1,1,1
160.6,5,1,1,1,1,1,1,1,1,1,1,1,1,1,1,1
160.8,5,1,1,1,1,1,1,1,1,1,1,1,1,1,1,1
161,5,1,1,1,1,1,1,1,1,1,1,1,1,1,1,1
161.2,5,1,1,1,1,1,1,1,1,1,1,1,1,1,1,1
161.4,5,1,1,1,1,1,1,1,1,1,1,1,1,1,1,1
161.6,5,1,1,1,1,1,1,1,1,1,1,1,1,1,1,1
161.8,5,1,1,1,1,1,1,1,1,1,1,1,1,1,1,1
162,5,1,1,1,1,1,1,1,1,1,1,1,1,1,1,1
162.2,5,1,1,1,1,1,1,1,1,1,1,1,1,1,1,1
162.4,5,1,1,1,1,1,1,1,1,1,1,1,1,1,1,1
162.6,5,1,1,1,1,1,1,1,1,1,1,1,1,1,1,1
162.8,5,1,1,1,1,1,1,1,1,1,1,1,1,1,1,1
163,5,1,1,1,1,1,1,1,1,1,1,1,1,1,1,1
163.2,5,1,1,1,1,1,1,1,1,1,1,1,1,1,1,1
163.4,5,1,1,1,1,1,1,1,1,1,1,1,1,1,1,1
163.6,5,1,1,1,1,1,1,1,1,1,1,1,1,1,1,1
163.8,5,1,1,1,1,1,1,1,1,1,1,1,1,1,1,1
164,5,1,1,1,1,1,1,1,1,1,1,1,1,1,1,1
164.2,5,1,1,1,1,1,1,1,1,1,1,1,1,1,1,1
164.4,5,1,1,1,1,1,1,1,1,1,1,1,1,1,1,1
164.6,5,1,1,1,1,1,1,1,1,1,1,1,1,1,1,1
164.8,5,1,1,1,1,1,1,1,1,1,1,1,1,1,1,1
165,5,1,1,1,1,1,1,1,1,1,1,1,1,1,1,1
165.2,5,1,1,1,1,1,1,1,1,1,1,1,1,1,1,1
165.4,5,1,1,1,1,1,1,1,1,1,1,1,1,1,1,1
165.6,5,1,1,1,1,1,1,1,1,1,1,1,1,1,1,1
165.8,5,1,1,1,1,1,1,1,1,1,1,1,1,1,1,1
166,5,1,1,1,1,1,1,1,1,1,1,1,1,1,1,1
166.2,5,1,1,1,1,1,1,1,1,1,1,1,1,1,1,1
166.4,5,1,1,1,1,1,1,1,1,1,1,1,1,1,1,1
166.6,5,1,1,1,1,1,1,1,1,1,1,1,1,1,1,1
166.8,5,1,1,1,1,1,1,1,1,1,1,1,1,1,1,1
167,5,1,1,1,1,1,1,1,1,1,1,1,1,1,1,1
167.2,5,1,1,1,1,1,1,1,1,1,1,1,1,1,1,1
167.4,5,1,1,1,1,1,1,1,1,1,1,1,1,1,1,1
167.6,5,1,1,1,1,1,1,1,1,1,1,1,1,1,1,1
167.8,5,1,1,1,1,1,1,1,1,1,1,1,1,1,1,1
168,5,1,1,1,1,1,1,1,1,1,1,1,1,1,1,1
168.2,5,1,1,1,1,1,1,1,1,1,1,1,1,1,1,1
168.4,5,1,1,1,1,1,1,1,1,1,1,1,1,1,1,1
168.6,5,1,1,1,1,1,1,1,1,1,1,1,1,1,1,1
168.8,5,1,1,1,1,1,1,1,1,1,1,1,1,1,1,1
169,5,1,1,1,1,1,1,1,1,1,1,1,1,1,1,1
169.2,5,1,1,1,1,1,1,1,1,1,1,1,1,1,1,1
169.4,5,1,1,1,1,1,1,1,1,1,1,1,1,1,1,1
169.6,5,1,1,1,1,1,1,1,1,1,1,1,1,1,1,1
169.8,5,1,1,1,1,1,1,1,1,1,1,1,1,1,1,1
170,5,1,1,1,1,1,1,1,1,1,1,1,1,1,1,1
170.2,5,1,1,1,1,1,1,1,1,1,1,1,1,1,1,1
170.4,5,1,1,1,1,1,1,1,1,1,1,1,1,1,1,1
170.6,5,1,1,1,1,1,1,1,1,1,1,1,1,1,1,1
170.8,5,1,1,1,1,1,1,1,1,1,1,1,1,1,1,1
171,5,1,1,1,1,1,1,1,1,1,1,1,1,1,1,1
171.2,5,1,1,1,1,1,1,1,1,1,1,1,1,1,1,1
171.4,5,1,1,1,1,1,1,1,1,1,1,1,1,1,1,1
171.6,5,1,1,1,1,1,1,1,1,1,1,1,1,1,1,1
171.8,5,1,1,1,1,1,1,1,1,1,1,1,1,1,1,1
172,5,1,1,1,1,1,1,1,1,1,1,1,1,1,1,1
172.2,5,1,1,1,1,1,1,1,1,1,1,1,1,1,1,1
172.4,5,1,1,1,1,1,1,1,1,1,1,1,1,1,1,1
172.6,5,1,1,1,1,1,1,1,1,1,1,1,1,1,1,1
172.8,5,1,1,1,1,1,1,1,1,1,1,1,1,1,1,1
173,5,1,1,1,1,1,1,1,1,1,1,1,1,1,1,1
173.2,5,1,1,1,1,1,1,1,1,1,1,1,1,1,1,1
173.4,5,1,1,1,1,1,1,1,1,1,1,1,1,1,1,1
173.6,5,1,1,1,1,1,1,1,1,1,1,1,1,1,1,1
173.8,5,1,1,1,1,1,1,1,1,1,1,1,1,1,1,1
174,5,1,1,1,1,1,1,1,1,1,1,1,1,1,1,1
174.2,5,1,1,1,1,1,1,1,1,1,1,1,1,1,1,1
174.4,5,1,1,1,1,1,1,1,1,1,1,1,1,1,1,1
174.6,5,1,1,1,1,1,1,1,1,1,1,1,1,1,1,1
174.8,5,1,1,1,1,1,1,1,1,1,1,1,1,1,1,1
175,5,1,1,1,1,1,1,1,1,1,1,1,1,1,1,1
175.2,5,1,1,1,1,1,1,1,1,1,1,1,1,1,1,1
175.4,5,1,1,1,1,1,1,1,1,1,1,1,1,1,1,1
175.6,5,1,1,1,1,1,1,1,1,1,1,1,1,1,1,1
175.8,5,1,1,1,1,1,1,1,1,1,1,1,1,1,1,1
176,5,1,1,1,1,1,1,1,1,1,1,1,1,1,1,1
176.2,5,1,1,1,1,1,1,1,1,1,1,1,1,1,1,1
176.4,5,1,1,1,1,1,1,1,1,1,1,1,1,1,1,1
176.6,5,1,1,1,1,1,1,1,1,1,1,1,1,1,1,1
176.8,5,1,1,1,1,1,1,1,1,1,1,1,1,1,1,1
177,5,1,1,1,1,1,1,1,1,1,1,1,1,1,1,1
177.2,5,1,1,1,1,1,1,1,1,1,1,1,1,1,1,1
177.4,5,1,1,1,1,1,1,1,1,1,1,1,1,1,1,1
177.6,5,1,1,1,1,1,1,1,1,1,1,1,1,1,1,1
177.8,5,1,1,1,1,1,1,1,1,1,1,1,1,1,1,1
178,5,1,1,1,1,1,1,1,1,1,1,1,1,1,1,1
178.2,5,1,1,1,1,1,1,1,1,1,1,1,1,1,1,1
178.4,5,1,1,1,1,1,1,1,1,1,1,1,1,1,1,1
178.6,5,1,1,1,1,1,1,1,1,1,1,1,1,1,1,1
178.8,5,1,1,1,1,1,1,1,1,1,1,1,1,1,1,1
179,5,1,1,1,1,1,1,1,1,1,1,1,1,1,1,1
179.2,5,1,1,1,1,1,1,1,1,1,1,1,1,1,1,1
179.4,5,1,1,1,1,1,1,1,1,1,1,1,1,1,1,1
179.6,5,1,1,1,1,1,1,1,1,1,1,1,1,1,1,1
179.8,5,1,1,1,1,1,1,1,1,1,1,1,1,1,1,1
180,5,1,1,1,1,1,1,1,1,1,1,1,1,1,1,1
180.2,5,1,1,1,1,1,1,1,1,1,1,1,1,1,1,1
180.4,5,1,1,1,1,1,1,1,1,1,1,1,1,1,1,1
180.6,5,1,1,1,1,1,1,1,1,1,1,1,1,1,1,1
180.8,5,1,1,1,1,1,1,1,1,1,1,1,1,1,1,1
181,5,1,1,1,1,1,1,1,1,1,1,1,1,1,1,1
181.2,5,1,1,1,1,1,1,1,1,1,1,1,1,1,1,1
181.4,5,1,1,1,1,1,1,1,1,1,1,1,1,1,1,1
181.6,5,1,1,1,1,1,1,1,1,1,1,1,1,1,1,1
181.8,5,1,1,1,1,1,1,1,1,1,1,1,1,1,1,1
182,5,1,1,1,1,1,1,1,1,1,1,1,1,1,1,1
182.2,5,1,1,1,1,1,1,1,1,1,1,1,1,1,1,1
182.4,5,1,1,1,1,1,1,1,1,1,1,1,1,1,1,1
182.6,5,1,1,1,1,1,1,1,1,1,1,1,1,1,1,1
182.8,5,1,1,1,1,1,1,1,1,1,1,1,1,1,1,1
183,5,1,1,1,1,1,1,1,1,1,1,1,1,1,1,1
183.2,5,1,1,1,1,1,1,1,1,1,1,1,1,1,1,1
183.4,5,1,1,1,1,1,1,1,1,1,1,1,1,1,1,1
183.6,5,1,1,1,1,1,1,1,1,1,1,1,1,1,1,1
183.8,5,1,1,1,1,1,1,1,1,1,1,1,1,1,1,1
184,5,1,1,1,1,1,1,1,1,1,1,1,1,1,1,1
184.2,5,1,1,1,1,1,1,1,1,1,1,1,1,1,1,1
184.4,5,1,1,1,1,1,1,1,1,1,1,1,1,1,1,1
184.6,5,1,1,1,1,1,1,1,1,1,1,1,1,1,1,1
184.8,5,1,1,1,1,1,1,1,1,1,1,1,1,1,1,1
185,5,1,1,1,1,1,1,1,1,1,1,1,1,1,1,1
185.2,5,1,1,1,1,1,1,1,1,1,1,1,1,1,1,1
185.4,5,1,1,1,1,1,1,1,1,1,1,1,1,1,1,1
185.6,5,1,1,1,1,1,1,1,1,1,1,1,1,1,1,1
185.8,5,1,1,1,1,1,1,1,1,1,1,1,1,1,1,1
186,5,1,1,1,1,1,1,1,1,1,1,1,1,1,1,1
186.2,5,1,1,1,1,1,1,1,1,1,1,1,1,1,1,1
186.4,5,1,1,1,1,1,1,1,1,1,1,1,1,1,1,1
186.6,5,1,1,1,1,1,1,1,1,1,1,1,1,1,1,1
186.8,5,1,1,1,1,1,1,1,1,1,1,1,1,1,1,1
187,5,1,1,1,1,1,1,1,1,1,1,1,1,1,1,1
187.2,5,1,1,1,1,1,1,1,1,1,1,1,1,1,1,1
187.4,5,1,1,1,1,1,1,1,1,1,1,1,1,1,1,1
187.6,5,1,1,1,1,1,1,1,1,1,1,1,1,1,1,1
187.8,5,1,1,1,1,1,1,1,1,1,1,1,1,1,1,1
188,5,1,1,1,1,1,1,1,1,1,1,1,1,1,1,1
188.2,5,1,1,1,1,1,1,1,1,1,1,1,1,1,1,1
188.4,5,1,1,1,1,1,1,1,1,1,1,1,1,1,1,1
188.6,5,1,1,1,1,1,1,1,1,1,1,1,1,1,1,1
188.8,5,1,1,1,1,1,1,1,1,1,1,1,1,1,1,1
189,5,1,1,1,1,1,1,1,1,1,1,1,1,1,1,1
189.2,5,1,1,1,1,1,1,1,1,1,1,1,1,1,1,1
189.4,5,1,1,1,1,1,1,1,1,1,1,1,1,1,1,1
189.6,5,1,1,1,1,1,1,1,1,1,1,1,1,1,1,1
189.8,5,1,1,1,1,1,1,1,1,1,1,1,1,1,1,1
190,5,1,1,1,1,1,1,1,1,1,1,1,1,1,1,1
190.2,5,1,1,1,1,1,1,1,1,1,1,1,1,1,1,1
190.4,5,1,1,1,1,1,1,1,1,1,1,1,1,1,1,1
190.6,5,1,1,1,1,1,1,1,1,1,1,1,1,1,1,1
190.8,5,1,1,1,1,1,1,1,1,1,1,1,1,1,1,1
191,5,1,1,1,1,1,1,1,1,1,1,1,1,1,1,1
191.2,5,1,1,1,1,1,1,1,1,1,1,1,1,1,1,1
191.4,5,1,1,1,1,1,1,1,1,1,1,1,1,1,1,1
191.6,5,1,1,1,1,1,1,1,1,1,1,1,1,1,1,1
191.8,5,1,1,1,1,1,1,1,1,1,1,1,1,1,1,1
192,5,1,1,1,1,1,1,1,1,1,1,1,1,1,1,1
192.2,5,1,1,1,1,1,1,1,1,1,1,1,1,1,1,1
192.4,5,1,1,1,1,1,1,1,1,1,1,1,1,1,1,1
192.6,5,1,1,1,1,1,1,1,1,1,1,1,1,1,1,1
192.8,5,1,1,1,1,1,1,1,1,1,1,1,1,1,1,1
193,5,1,1,1,1,1,1,1,1,1,1,1,1,1,1,1
193.2,5,1,1,1,1,1,1,1,1,1,1,1,1,1,1,1
193.4,5,1,1,1,1,1,1,1,1,1,1,1,1,1,1,1
193.6,5,1,1,1,1,1,1,1,1,1,1,1,1,1,1,1
193.8,5,1,1,1,1,1,1,1,1,1,1,1,1,1,1,1
194,5,1,1,1,1,1,1,1,1,1,1,1,1,1,1,1
194.2,5,1,1,1,1,1,1,1,1,1,1,1,1,1,1,1
194.4,5,1,1,1,1,1,1,1,1,1,1,1,1,1,1,1
194.6,5,1,1,1,1,1,1,1,1,1,1,1,1,1,1,1
194.8,5,1,1,1,1,1,1,1,1,1,1,1,1,1,1,1
195,5,1,1,1,1,1,1,1,1,1,1,1,1,1,1,1
195.2,5,1,1,1,1,1,1,1,1,1,1,1,1,1,1,1
195.4,5,1,1,1,1,1,1,1,1,1,1,1,1,1,1,1
195.6,5,1,1,1,1,1,1,1,1,1,1,1,1,1,1,1
195.8,5,1,1,1,1,1,1,1,1,1,1,1,1,1,1,1
196,5,1,1,1,1,1,1,1,1,1,1,1,1,1,1,1
196.2,5,1,1,1,1,1,1,1,1,1,1,1,1,1,1,1
196.4,5,1,1,1,1,1,1,1,1,1,1,1,1,1,1,1
196.6,5,1,1,1,1,1,1,1,1,1,1,1,1,1,1,1
196.8,5,1,1,1,1,1,1,1,1,1,1,1,1,1,1,1
197,5,1,1,1,1,1,1,1,1,1,1,1,1,1,1,1
197.2,5,1,1,1,1,1,1,1,1,1,1,1,1,1,1,1
197.4,5,1,1,1,1,1,1,1,1,1,1,1,1,1,1,1
197.6,5,1,1,1,1,1,1,1,1,1,1,1,1,1,1,1
197.8,5,1,1,1,1,1,1,1,1,1,1,1,1,1,1,1
198,5,1,1,1,1,1,1,1,1,1,1,1,1,1,1,1
198.2,5,1,1,1,1,1,1,1,1,1,1,1,1,1,1,1
198.4,5,1,1,1,1,1,1,1,1,1,1,1,1,1,1,1
198.6,5,1,1,1,1,1,1,1,1,1,1,1,1,1,1,1
198.8,5,1,1,1,1,1,1,1,1,1,1,1,1,1,1,1
199,5,1,1,1,1,1,1,1,1,1,1,1,1,1,1,1
199.2,5,1,1,1,1,1,1,1,1,1,1,1,1,1,1,1
199.4,5,1,1,1,1,1,1,1,1,1,1,1,1,1,1,1
199.6,5,1,1,1,1,1,1,1,1,1,1,1,1,1,1,1
199.8,5,1,1,1,1,1,1,1,1,1,1,1,1,1,1,1
200,5,1,1,1,1,1,1,1,1,1,1,1,1,1,1,1
200.2,5,1,1,1,1,1,1,1,1,1,1,1,1,1,1,1
200.4,5,1,1,1,1,1,1,1,1,1,1,1,1,1,1,1
200.6,5,1,1,1,1,1,1,1,1,1,1,1,1,1,1,1
200.8,5,1,1,1,1,1,1,1,1,1,1,1,1,1,1,1
201,5,1,1,1,1,1,1,1,1,1,1,1,1,1,1,1
201.2,5,1,1,1,1,1,1,1,1,1,1,1,1,1,1,1
201.4,5,1,1,1,1,1,1,1,1,1,1,1,1,1,1,1
201.6,5,1,1,1,1,1,1,1,1,1,1,1,1,1,1,1
201.8,5,1,1,1,1,1,1,1,1,1,1,1,1,1,1,1
202,5,1,1,1,1,1,1,1,1,1,1,1,1,1,1,1
202.2,5,1,1,1,1,1,1,1,1,1,1,1,1,1,1,1
202.4,5,1,1,1,1,1,1,1,1,1,1,1,1,1,1,1
202.6,5,1,1,1,1,1,1,1,1,1,1,1,1,1,1,1
202.8,5,1,1,1,1,1,1,1,1,1,1,1,1,1,1,1
203,5,1,1,1,1,1,1,1,1,1,1,1,1,1,1,1
203.2,5,1,1,1,1,1,1,1,1,1,1,1,1,1,1,1
203.4,5,1,1,1,1,1,1,1,1,1,1,1,1,1,1,1
203.6,5,1,1,1,1,1,1,1,1,1,1,1,1,1,1,1
203.8,5,1,1,1,1,1,1,1,1,1,1,1,1,1,1,1
204,5,1,1,1,1,1,1,1,1,1,1,1,1,1,1,1
204.2,5,1,1,1,1,1,1,1,1,1,1,1,1,1,1,1
204.4,5,1,1,1,1,1,1,1,1,1,1,1,1,1,1,1
204.6,5,1,1,1,1,1,1,1,1,1,1,1,1,1,1,1
204.8,5,1,1,1,1,1,1,1,1,1,1,1,1,1,1,1
205,5,1,1,1,1,1,1,1,1,1,1,1,1,1,1,1
205.2,5,1,1,1,1,1,1,1,1,1,1,1,1,1,1,1
205.4,5,1,1,1,1,1,1,1,1,1,1,1,1,1,1,1
205.6,5,1,1,1,1,1,1,1,1,1,1,1,1,1,1,1
205.8,5,1,1,1,1,1,1,1,1,1,1,1,1,1,1,1
206,5,1,1,1,1,1,1,1,1,1,1,1,1,1,1,1
206.2,5,1,1,1,1,1,1,1,1,1,1,1,1,1,1,1
206.4,5,1,1,1,1,1,1,1,1,1,1,1,1,1,1,1
206.6,5,1,1,1,1,1,1,1,1,1,1,1,1,1,1,1
206.8,5,1,1,1,1,1,1,1,1,1,1,1,1,1,1,1
207,5,1,1,1,1,1,1,1,1,1,1,1,1,1,1,1
207.2,5,1,1,1,1,1,1,1,1,1,1,1,1,1,1,1
207.4,5,1,1,1,1,1,1,1,1,1,1,1,1,1,1,1
207.6,5,1,1,1,1,1,1,1,1,1,1,1,1,1,1,1
207.8,5,1,1,1,1,1,1,1,1,1,1,1,1,1,1,1
208,5,1,1,1,1,1,1,1,1,1,1,1,1,1,1,1
208.2,5,1,1,1,1,1,1,1,1,1,1,1,1,1,1,1
208.4,5,1,1,1,1,1,1,1,1,1,1,1,1,1,1,1
208.6,5,1,1,1,1,1,1,1,1,1,1,1,1,1,1,1
208.8,5,1,1,1,1,1,1,1,1,1,1,1,1,1,1,1
209,5,1,1,1,1,1,1,1,1,1,1,1,1,1,1,1
209.2,5,1,1,1,1,1,1,1,1,1,1,1,1,1,1,1
209.4,5,1,1,1,1,1,1,1,1,1,1,1,1,1,1,1
209.6,5,1,1,1,1,1,1,1,1,1,1,1,1,1,1,1
209.8,5,1,1,1,1,1,1,1,1,1,1,1,1,1,1,1
210,5,1,1,1,1,1,1,1,1,1,1,1,1,1,1,1
210.2,5,1,1,1,1,1,1,1,1,1,1,1,1,1,1,1
210.4,5,1,1,1,1,1,1,1,1,1,1,1,1,1,1,1
210.6,5,1,1,1,1,1,1,1,1,1,1,1,1,1,1,1
210.8,5,1,1,1,1,1,1,1,1,1,1,1,1,1,1,1
211,5,1,1,1,1,1,1,1,1,1,1,1,1,1,1,1
211.2,5,1,1,1,1,1,1,1,1,1,1,1,1,1,1,1
211.4,5,1,1,1,1,1,1,1,1,1,1,1,1,1,1,1
211.6,5,1,1,1,1,1,1,1,1,1,1,1,1,1,1,1
211.8,5,1,1,1,1,1,1,1,1,1,1,1,1,1,1,1
212,5,1,1,1,1,1,1,1,1,1,1,1,1,1,1,1
212.2,5,1,1,1,1,1,1,1,1,1,1,1,1,1,1,1
212.4,5,1,1,1,1,1,1,1,1,1,1,1,1,1,1,1
212.6,5,1,1,1,1,1,1,1,1,1,1,1,1,1,1,1
212.8,5,1,1,1,1,1,1,1,1,1,1,1,1,1,1,1
213,5,1,1,1,1,1,1,1,1,1,1,1,1,1,1,1
213.2,5,1,1,1,1,1,1,1,1,1,1,1,1,1,1,1
213.4,5,1,1,1,1,1,1,1,1,1,1,1,1,1,1,1
213.6,5,1,1,1,1,1,1,1,1,1,1,1,1,1,1,1
213.8,5,1,1,1,1,1,1,1,1,1,1,1,1,1,1,1
214,5,1,1,1,1,1,1,1,1,1,1,1,1,1,1,1
214.2,5,1,1,1,1,1,1,1,1,1,1,1,1,1,1,1
214.4,5,1,1,1,1,1,1,1,1,1,1,1,1,1,1,1
214.6,5,1,1,1,1,1,1,1,1,1,1,1,1,1,1,1
214.8,5,1,1,1,1,1,1,1,1,1,1,1,1,1,1,1
215,5,1,1,1,1,1,1,1,1,1,1,1,1,1,1,1
215.2,5,1,1,1,1,1,1,1,1,1,1,1,1,1,1,1
215.4,5,1,1,1,1,1,1,1,1,1,1,1,1,1,1,1
215.6,5,1,1,1,1,1,1,1,1,1,1,1,1,1,1,1
215.8,5,1,1,1,1,1,1,1,1,1,1,1,1,1,1,1
216,5,1,1,1,1,1,1,1,1,1,1,1,1,1,1,1
216.2,5,1,1,1,1,1,1,1,1,1,1,1,1,1,1,1
216.4,5,1,1,1,1,1,1,1,1,1,1,1,1,1,1,1
216.6,5,1,1,1,1,1,1,1,1,1,1,1,1,1,1,1
216.8,5,1,1,1,1,1,1,1,1,1,1,1,1,1,1,1
217,5,1,1,1,1,1,1,1,1,1,1,1,1,1,1,1
217.2,5,1,1,1,1,1,1,1,1,1,1,1,1,1,1,1
217.4,5,1,1,1,1,1,1,1,1,1,1,1,1,1,1,1
217.6,5,1,1,1,1,1,1,1,1,1,1,1,1,1,1,1
217.8,5,1,1,1,1,1,1,1,1,1,1,1,1,1,1,1
218,5,1,1,1,1,1,1,1,1,1,1,1,1,1,1,1
218.2,5,1,1,1,1,1,1,1,1,1,1,1,1,1,1,1
218.4,5,1,1,1,1,1,1,1,1,1,1,1,1,1,1,1
218.6,5,1,1,1,1,1,1,1,1,1,1,1,1,1,1,1
218.8,5,1,1,1,1,1,1,1,1,1,1,1,1,1,1,1
219,5,1,1,1,1,1,1,1,1,1,1,1,1,1,1,1
219.2,5,1,1,1,1,1,1,1,1,1,1,1,1,1,1,1
219.4,5,1,1,1,1,1,1,1,1,1,1,1,1,1,1,1
219.6,5,1,1,1,1,1,1,1,1,1,1,1,1,1,1,1
219.8,5,1,1,1,1,1,1,1,1,1,1,1,1,1,1,1
220,5,1,1,1,1,1,1,1,1,1,1,1,1,1,1,1
220.2,5,1,1,1,1,1,1,1,1,1,1,1,1,1,1,1
220.4,5,1,1,1,1,1,1,1,1,1,1,1,1,1,1,1
220.6,5,1,1,1,1,1,1,1,1,1,1,1,1,1,1,1
220.8,5,1,1,1,1,1,1,1,1,1,1,1,1,1,1,1
221,5,1,1,1,1,1,1,1,1,1,1,1,1,1,1,1
221.2,5,1,1,1,1,1,1,1,1,1,1,1,1,1,1,1
221.4,5,1,1,1,1,1,1,1,1,1,1,1,1,1,1,1
221.6,5,1,1,1,1,1,1,1,1,1,1,1,1,1,1,1
221.8,5,1,1,1,1,1,1,1,1,1,1,1,1,1,1,1
222,5,1,1,1,1,1,1,1,1,1,1,1,1,1,1,1
222.2,5,1,1,1,1,1,1,1,1,1,1,1,1,1,1,1
222.4,5,1,1,1,1,1,1,1,1,1,1,1,1,1,1,1
222.6,5,1,1,1,1,1,1,1,1,1,1,1,1,1,1,1
222.8,5,1,1,1,1,1,1,1,1,1,1,1,1,1,1,1
223,5,1,1,1,1,1,1,1,1,1,1,1,1,1,1,1
223.2,5,1,1,1,1,1,1,1,1,1,1,1,1,1,1,1
223.4,5,1,1,1,1,1,1,1,1,1,1,1,1,1,1,1
223.6,5,1,1,1,1,1,1,1,1,1,1,1,1,1,1,1
223.8,5,1,1,1,1,1,1,1,1,1,1,1,1,1,1,1
224,5,1,1,1,1,1,1,1,1,1,1,1,1,1,1,1
224.2,5,1,1,1,1,1,1,1,1,1,1,1,1,1,1,1
224.4,5,1,1,1,1,1,1,1,1,1,1,1,1,1,1,1
224.6,5,1,1,1,1,1,1,1,1,1,1,1,1,1,1,1
224.8,5,1,1,1,1,1,1,1,1,1,1,1,1,1,1,1
225,5,1,1,1,1,1,1,1,1,1,1,1,1,1,1,1
225.2,5,1,1,1,1,1,1,1,1,1,1,1,1,1,1,1
225.4,5,1,1,1,1,1,1,1,1,1,1,1,1,1,1,1
225.6,5,1,1,1,1,1,1,1,1,1,1,1,1,1,1,1
225.8,5,1,1,1,1,1,1,1,1,1,1,1,1,1,1,1
226,5,1,1,1,1,1,1,1,1,1,1,1,1,1,1,1
226.2,5,1,1,1,1,1,1,1,1,1,1,1,1,1,1,1
226.4,5,1,1,1,1,1,1,1,1,1,1,1,1,1,1,1
226.6,5,1,1,1,1,1,1,1,1,1,1,1,1,1,1,1
226.8,5,1,1,1,1,1,1,1,1,1,1,1,1,1,1,1
227,5,1,1,1,1,1,1,1,1,1,1,1,1,1,1,1
227.2,5,1,1,1,1,1,1,1,1,1,1,1,1,1,1,1
227.4,5,1,1,1,1,1,1,1,1,1,1,1,1,1,1,1
227.6,5,1,1,1,1,1,1,1,1,1,1,1,1,1,1,1
227.8,5,1,1,1,1,1,1,1,1,1,1,1,1,1,1,1
228,5,1,1,1,1,1,1,1,1,1,1,1,1,1,1,1
228.2,5,1,1,1,1,1,1,1,1,1,1,1,1,1,1,1
228.4,5,1,1,1,1,1,1,1,1,1,1,1,1,1,1,1
228.6,5,1,1,1,1,1,1,1,1,1,1,1,1,1,1,1
228.8,5,1,1,1,1,1,1,1,1,1,1,1,1,1,1,1
229,5,1,1,1,1,1,1,1,1,1,1,1,1,1,1,1
229.2,5,1,1,1,1,1,1,1,1,1,1,1,1,1,1,1
229.4,5,1,1,1,1,1,1,1,1,1,1,1,1,1,1,1
229.6,5,1,1,1,1,1,1,1,1,1,1,1,1,1,1,1
229.8,5,1,1,1,1,1,1,1,1,1,1,1,1,1,1,1
230,5,1,1,1,1,1,1,1,1,1,1,1,1,1,1,1
230.2,5,1,1,1,1,1,1,1,1,1,1,1,1,1,1,1
230.4,5,1,1,1,1,1,1,1,1,1,1,1,1,1,1,1
230.6,5,1,1,1,1,1,1,1,1,1,1,1,1,1,1,1
230.8,5,1,1,1,1,1,1,1,1,1,1,1,1,1,1,1
231,5,1,1,1,1,1,1,1,1,1,1,1,1,1,1,1
231.2,5,1,1,1,1,1,1,1,1,1,1,1,1,1,1,1
231.4,5,1,1,1,1,1,1,1,1,1,1,1,1,1,1,1
231.6,5,1,1,1,1,1,1,1,1,1,1,1,1,1,1,1
231.8,5,1,1,1,1,1,1,1,1,1,1,1,1,1,1,1
232,5,1,1,1,1,1,1,1,1,1,1,1,1,1,1,1
232.2,5,1,1,1,1,1,1,1,1,1,1,1,1,1,1,1
232.4,5,1,1,1,1,1,1,1,1,1,1,1,1,1,1,1
232.6,5,1,1,1,1,1,1,1,1,1,1,1,1,1,1,1
232.8,5,1,1,1,1,1,1,1,1,1,1,1,1,1,1,1
233,5,1,1,1,1,1,1,1,1,1,1,1,1,1,1,1
233.2,5,1,1,1,1,1,1,1,1,1,1,1,1,1,1,1
233.4,5,1,1,1,1,1,1,1,1,1,1,1,1,1,1,1
233.6,5,1,1,1,1,1,1,1,1,1,1,1,1,1,1,1
233.8,5,1,1,1,1,1,1,1,1,1,1,1,1,1,1,1
234,5,1,1,1,1,1,1,1,1,1,1,1,1,1,1,1
234.2,5,1,1,1,1,1,1,1,1,1,1,1,1,1,1,1
234.4,5,1,1,1,1,1,1,1,1,1,1,1,1,1,1,1
234.6,5,1,1,1,1,1,1,1,1,1,1,1,1,1,1,1
234.8,5,1,1,1,1,1,1,1,1,1,1,1,1,1,1,1
235,5,1,1,1,1,1,1,1,1,1,1,1,1,1,1,1
235.2,5,1,1,1,1,1,1,1,1,1,1,1,1,1,1,1
235.4,5,1,1,1,1,1,1,1,1,1,1,1,1,1,1,1
235.6,5,1,1,1,1,1,1,1,1,1,1,1,1,1,1,1
235.8,5,1,1,1,1,1,1,1,1,1,1,1,1,1,1,1
236,5,1,1,1,1,1,1,1,1,1,1,1,1,1,1,1
236.2,5,1,1,1,1,1,1,1,1,1,1,1,1,1,1,1
236.4,5,1,1,1,1,1,1,1,1,1,1,1,1,1,1,1
236.6,5,1,1,1,1,1,1,1,1,1,1,1,1,1,1,1
236.8,5,1,1,1,1,1,1,1,1,1,1,1,1,1,1,1
237,5,1,1,1,1,1,1,1,1,1,1,1,1,1,1,1
237.2,5,1,1,1,1,1,1,1,1,1,1,1,1,1,1,1
237.4,5,1,1,1,1,1,1,1,1,1,1,1,1,1,1,1
237.6,5,1,1,1,1,1,1,1,1,1,1,1,1,1,1,1
237.8,5,1,1,1,1,1,1,1,1,1,1,1,1,1,1,1
238,5,1,1,1,1,1,1,1,1,1,1,1,1,1,1,1
238.2,5,1,1,1,1,1,1,1,1,1,1,1,1,1,1,1
238.4,5,1,1,1,1,1,1,1,1,1,1,1,1,1,1,1
238.6,5,1,1,1,1,1,1,1,1,1,1,1,1,1,1,1
238.8,5,1,1,1,1,1,1,1,1,1,1,1,1,1,1,1
239,5,1,1,1,1,1,1,1,1,1,1,1,1,1,1,1
239.2,5,1,1,1,1,1,1,1,1,1,1,1,1,1,1,1
239.4,5,1,1,1,1,1,1,1,1,1,1,1,1,1,1,1
239.6,5,1,1,1,1,1,1,1,1,1,1,1,1,1,1,1
239.8,5,1,1,1,1,1,1,1,1,1,1,1,1,1,1,1
240,5,1,1,1,1,1,1,1,1,1,1,1,1,1,1,1
240.2,5,1,1,1,1,1,1,1,1,1,1,1,1,1,1,1
240.4,5,1,1,1,1,1,1,1,1,1,1,1,1,1,1,1
240.6,5,1,1,1,1,1,1,1,1,1,1,1,1,1,1,1
240.8,5,1,1,1,1,1,1,1,1,1,1,1,1,1,1,1
241,5,1,1,1,1,1,1,1,1,1,1,1,1,1,1,1
241.2,5,1,1,1,1,1,1,1,1,1,1,1,1,1,1,1
241.4,5,1,1,1,1,1,1,1,1,1,1,1,1,1,1,1
241.6,5,1,1,1,1,1,1,1,1,1,1,1,1,1,1,1
241.8,5,1,1,1,1,1,1,1,1,1,1,1,1,1,1,1
242,5,1,1,1,1,1,1,1,1,1,1,1,1,1,1,1
242.2,5,1,1,1,1,1,1,1,1,1,1,1,1,1,1,1
242.4,5,1,1,1,1,1,1,1,1,1,1,1,1,1,1,1
242.6,5,1,1,1,1,1,1,1,1,1,1,1,1,1,1,1
242.8,5,1,1,1,1,1,1,1,1,1,1,1,1,1,1,1
243,5,1,1,1,1,1,1,1,1,1,1,1,1,1,1,1
243.2,5,1,1,1,1,1,1,1,1,1,1,1,1,1,1,1
243.4,5,1,1,1,1,1,1,1,1,1,1,1,1,1,1,1
243.6,5,1,1,1,1,1,1,1,1,1,1,1,1,1,1,1
243.8,5,1,1,1,1,1,1,1,1,1,1,1,1,1,1,1
244,5,1,1,1,1,1,1,1,1,1,1,1,1,1,1,1
244.2,5,1,1,1,1,1,1,1,1,1,1,1,1,1,1,1
244.4,5,1,1,1,1,1,1,1,1,1,1,1,1,1,1,1
244.6,5,1,1,1,1,1,1,1,1,1,1,1,1,1,1,1
244.8,5,1,1,1,1,1,1,1,1,1,1,1,1,1,1,1
245,5,1,1,1,1,1,1,1,1,1,1,1,1,1,1,1
245.2,5,1,1,1,1,1,1,1,1,1,1,1,1,1,1,1
245.4,5,1,1,1,1,1,1,1,1,1,1,1,1,1,1,1
245.6,5,1,1,1,1,1,1,1,1,1,1,1,1,1,1,1
245.8,5,1,1,1,1,1,1,1,1,1,1,1,1,1,1,1
246,5,1,1,1,1,1,1,1,1,1,1,1,1,1,1,1
246.2,5,1,1,1,1,1,1,1,1,1,1,1,1,1,1,1
246.4,5,1,1,1,1,1,1,1,1,1,1,1,1,1,1,1
246.6,5,1,1,1,1,1,1,1,1,1,1,1,1,1,1,1
246.8,5,1,1,1,1,1,1,1,1,1,1,1,1,1,1,1
247,5,1,1,1,1,1,1,1,1,1,1,1,1,1,1,1
247.2,5,1,1,1,1,1,1,1,1,1,1,1,1,1,1,1
247.4,5,1,1,1,1,1,1,1,1,1,1,1,1,1,1,1
247.6,5,1,1,1,1,1,1,1,1,1,1,1,1,1,1,1
247.8,5,1,1,1,1,1,1,1,1,1,1,1,1,1,1,1
248,5,1,1,1,1,1,1,1,1,1,1,1,1,1,1,1
248.2,5,1,1,1,1,1,1,1,1,1,1,1,1,1,1,1
248.4,5,1,1,1,1,1,1,1,1,1,1,1,1,1,1,1
248.6,5,1,1,1,1,1,1,1,1,1,1,1,1,1,1,1
248.8,5,1,1,1,1,1,1,1,1,1,1,1,1,1,1,1
249,5,1,1,1,1,1,1,1,1,1,1,1,1,1,1,1
249.2,5,1,1,1,1,1,1,1,1,1,1,1,1,1,1,1
249.4,5,1,1,1,1,1,1,1,1,1,1,1,1,1,1,1
249.6,5,1,1,1,1,1,1,1,1,1,1,1,1,1,1,1
249.8,5,1,1,1,1,1,1,1,1,1,1,1,1,1,1,1
250,5,1,1,1,1,1,1,1,1,1,1,1,1,1,1,1
250.2,5,1,1,1,1,1,1,1,1,1,1,1,1,1,1,1
250.4,5,1,1,1,1,1,1,1,1,1,1,1,1,1,1,1
250.6,5,1,1,1,1,1,1,1,1,1,1,1,1,1,1,1
250.8,5,1,1,1,1,1,1,1,1,1,1,1,1,1,1,1
251,5,1,1,1,1,1,1,1,1,1,1,1,1,1,1,1
251.2,5,1,1,1,1,1,1,1,1,1,1,1,1,1,1,1
251.4,5,1,1,1,1,1,1,1,1,1,1,1,1,1,1,1
251.6,5,1,1,1,1,1,1,1,1,1,1,1,1,1,1,1
251.8,5,1,1,1,1,1,1,1,1,1,1,1,1,1,1,1
252,5,1,1,1,1,1,1,1,1,1,1,1,1,1,1,1
252.2,5,1,1,1,1,1,1,1,1,1,1,1,1,1,1,1
252.4,5,1,1,1,1,1,1,1,1,1,1,1,1,1,1,1
252.6,5,1,1,1,1,1,1,1,1,1,1,1,1,1,1,1
252.8,5,1,1,1,1,1,1,1,1,1,1,1,1,1,1,1
253,5,1,1,1,1,1,1,1,1,1,1,1,1,1,1,1
253.2,5,1,1,1,1,1,1,1,1,1,1,1,1,1,1,1
253.4,5,1,1,1,1,1,1,1,1,1,1,1,1,1,1,1
253.6,5,1,1,1,1,1,1,1,1,1,1,1,1,1,1,1
253.8,5,1,1,1,1,1,1,1,1,1,1,1,1,1,1,1
254,5,1,1,1,1,1,1,1,1,1,1,1,1,1,1,1
254.2,5,1,1,1,1,1,1,1,1,1,1,1,1,1,1,1
254.4,5,1,1,1,1,1,1,1,1,1,1,1,1,1,1,1
254.6,5,1,1,1,1,1,1,1,1,1,1,1,1,1,1,1
254.8,5,1,1,1,1,1,1,1,1,1,1,1,1,1,1,1
255,5,1,1,1,1,1,1,1,1,1,1,1,1,1,1,1
255.2,5,1,1,1,1,1,1,1,1,1,1,1,1,1,1,1
255.4,5,1,1,1,1,1,1,1,1,1,1,1,1,1,1,1
255.6,5,1,1,1,1,1,1,1,1,1,1,1,1,1,1,1
255.8,5,1,1,1,1,1,1,1,1,1,1,1,1,1,1,1
256,5,1,1,1,1,1,1,1,1,1,1,1,1,1,1,1
256.2,5,1,1,1,1,1,1,1,1,1,1,1,1,1,1,1
256.4,5,1,1,1,1,1,1,1,1,1,1,1,1,1,1,1
256.6,5,1,1,1,1,1,1,1,1,1,1,1,1,1,1,1
256.8,5,1,1,1,1,1,1,1,1,1,1,1,1,1,1,1
257,5,1,1,1,1,1,1,1,1,1,1,1,1,1,1,1
257.2,5,1,1,1,1,1,1,1,1,1,1,1,1,1,1,1
257.4,5,1,1,1,1,1,1,1,1,1,1,1,1,1,1,1
257.6,5,1,1,1,1,1,1,1,1,1,1,1,1,1,1,1
257.8,5,1,1,1,1,1,1,1,1,1,1,1,1,1,1,1
258,5,1,1,1,1,1,1,1,1,1,1,1,1,1,1,1
258.2,5,1,1,1,1,1,1,1,1,1,1,1,1,1,1,1
258.4,5,1,1,1,1,1,1,1,1,1,1,1,1,1,1,1
258.6,5,1,1,1,1,1,1,1,1,1,1,1,1,1,1,1
258.8,5,1,1,1,1,1,1,1,1,1,1,1,1,1,1,1
259,5,1,1,1,1,1,1,1,1,1,1,1,1,1,1,1
259.2,5,1,1,1,1,1,1,1,1,1,1,1,1,1,1,1
259.4,5,1,1,1,1,1,1,1,1,1,1,1,1,1,1,1
259.6,5,1,1,1,1,1,1,1,1,1,1,1,1,1,1,1
259.8,5,1,1,1,1,1,1,1,1,1,1,1,1,1,1,1
260,5,1,1,1,1,1,1,1,1,1,1,1,1,1,1,1
260.2,5,1,1,1,1,1,1,1,1,1,1,1,1,1,1,1
260.4,5,1,1,1,1,1,1,1,1,1,1,1,1,1,1,1
260.6,5,1,1,1,1,1,1,1,1,1,1,1,1,1,1,1
260.8,5,1,1,1,1,1,1,1,1,1,1,1,1,1,1,1
261,5,1,1,1,1,1,1,1,1,1,1,1,1,1,1,1
261.2,5,1,1,1,1,1,1,1,1,1,1,1,1,1,1,1
261.4,5,1,1,1,1,1,1,1,1,1,1,1,1,1,1,1
261.6,5,1,1,1,1,1,1,1,1,1,1,1,1,1,1,1
261.8,5,1,1,1,1,1,1,1,1,1,1,1,1,1,1,1
262,5,1,1,1,1,1,1,1,1,1,1,1,1,1,1,1
262.2,5,1,1,1,1,1,1,1,1,1,1,1,1,1,1,1
262.4,5,1,1,1,1,1,1,1,1,1,1,1,1,1,1,1
262.6,5,1,1,1,1,1,1,1,1,1,1,1,1,1,1,1
262.8,5,1,1,1,1,1,1,1,1,1,1,1,1,1,1,1
263,5,1,1,1,1,1,1,1,1,1,1,1,1,1,1,1
263.2,5,1,1,1,1,1,1,1,1,1,1,1,1,1,1,1
263.4,5,1,1,1,1,1,1,1,1,1,1,1,1,1,1,1
263.6,5,1,1,1,1,1,1,1,1,1,1,1,1,1,1,1
263.8,5,1,1,1,1,1,1,1,1,1,1,1,1,1,1,1
264,5,1,1,1,1,1,1,1,1,1,1,1,1,1,1,1
264.2,5,1,1,1,1,1,1,1,1,1,1,1,1,1,1,1
264.4,5,1,1,1,1,1,1,1,1,1,1,1,1,1,1,1
264.6,5,1,1,1,1,1,1,1,1,1,1,1,1,1,1,1
264.8,5,1,1,1,1,1,1,1,1,1,1,1,1,1,1,1
265,5,1,1,1,1,1,1,1,1,1,1,1,1,1,1,1
265.2,5,1,1,1,1,1,1,1,1,1,1,1,1,1,1,1
265.4,5,1,1,1,1,1,1,1,1,1,1,1,1,1,1,1
265.6,5,1,1,1,1,1,1,1,1,1,1,1,1,1,1,1
265.8,5,1,1,1,1,1,1,1,1,1,1,1,1,1,1,1
266,5,1,1,1,1,1,1,1,1,1,1,1,1,1,1,1
266.2,5,1,1,1,1,1,1,1,1,1,1,1,1,1,1,1
266.4,5,1,1,1,1,1,1,1,1,1,1,1,1,1,1,1
266.6,5,1,1,1,1,1,1,1,1,1,1,1,1,1,1,1
266.8,5,1,1,1,1,1,1,1,1,1,1,1,1,1,1,1
267,5,1,1,1,1,1,1,1,1,1,1,1,1,1,1,1
267.2,5,1,1,1,1,1,1,1,1,1,1,1,1,1,1,1
267.4,5,1,1,1,1,1,1,1,1,1,1,1,1,1,1,1
267.6,5,1,1,1,1,1,1,1,1,1,1,1,1,1,1,1
267.8,5,1,1,1,1,1,1,1,1,1,1,1,1,1,1,1
268,5,1,1,1,1,1,1,1,1,1,1,1,1,1,1,1
268.2,5,1,1,1,1,1,1,1,1,1,1,1,1,1,1,1
268.4,5,1,1,1,1,1,1,1,1,1,1,1,1,1,1,1
268.6,5,1,1,1,1,1,1,1,1,1,1,1,1,1,1,1
268.8,5,1,1,1,1,1,1,1,1,1,1,1,1,1,1,1
269,5,1,1,1,1,1,1,1,1,1,1,1,1,1,1,1
269.2,5,1,1,1,1,1,1,1,1,1,1,1,1,1,1,1
269.4,5,1,1,1,1,1,1,1,1,1,1,1,1,1,1,1
269.6,5,1,1,1,1,1,1,1,1,1,1,1,1,1,1,1
269.8,5,1,1,1,1,1,1,1,1,1,1,1,1,1,1,1
270,5,1,1,1,1,1,1,1,1,1,1,1,1,1,1,1
270.2,5,1,1,1,1,1,1,1,1,1,1,1,1,1,1,1
270.4,5,1,1,1,1,1,1,1,1,1,1,1,1,1,1,1
270.6,5,1,1,1,1,1,1,1,1,1,1,1,1,1,1,1
270.8,5,1,1,1,1,1,1,1,1,1,1,1,1,1,1,1
271,5,1,1,1,1,1,1,1,1,1,1,1,1,1,1,1
271.2,5,1,1,1,1,1,1,1,1,1,1,1,1,1,1,1
271.4,5,1,1,1,1,1,1,1,1,1,1,1,1,1,1,1
271.6,5,1,1,1,1,1,1,1,1,1,1,1,1,1,1,1
271.8,5,1,1,1,1,1,1,1,1,1,1,1,1,1,1,1
272,5,1,1,1,1,1,1,1,1,1,1,1,1,1,1,1
272.2,5,1,1,1,1,1,1,1,1,1,1,1,1,1,1,1
272.4,5,1,1,1,1,1,1,1,1,1,1,1,1,1,1,1
272.6,5,1,1,1,1,1,1,1,1,1,1,1,1,1,1,1
272.8,5,1,1,1,1,1,1,1,1,1,1,1,1,1,1,1
273,5,1,1,1,1,1,1,1,1,1,1,1,1,1,1,1
273.2,5,1,1,1,1,1,1,1,1,1,1,1,1,1,1,1
273.4,5,1,1,1,1,1,1,1,1,1,1,1,1,1,1,1
273.6,5,1,1,1,1,1,1,1,1,1,1,1,1,1,1,1
273.8,5,1,1,1,1,1,1,1,1,1,1,1,1,1,1,1
274,5,1,1,1,1,1,1,1,1,1,1,1,1,1,1,1
274.2,5,1,1,1,1,1,1,1,1,1,1,1,1,1,1,1
274.4,5,1,1,1,1,1,1,1,1,1,1,1,1,1,1,1
274.6,5,1,1,1,1,1,1,1,1,1,1,1,1,1,1,1
274.8,5,1,1,1,1,1,1,1,1,1,1,1,1,1,1,1
275,5,1,1,1,1,1,1,1,1,1,1,1,1,1,1,1
275.2,5,1,1,1,1,1,1,1,1,1,1,1,1,1,1,1
275.4,5,1,1,1,1,1,1,1,1,1,1,1,1,1,1,1
275.6,5,1,1,1,1,1,1,1,1,1,1,1,1,1,1,1
275.8,5,1,1,1,1,1,1,1,1,1,1,1,1,1,1,1
276,5,1,1,1,1,1,1,1,1,1,1,1,1,1,1,1
276.2,5,1,1,1,1,1,1,1,1,1,1,1,1,1,1,1
276.4,5,1,1,1,1,1,1,1,1,1,1,1,1,1,1,1
276.6,5,1,1,1,1,1,1,1,1,1,1,1,1,1,1,1
276.8,5,1,1,1,1,1,1,1,1,1,1,1,1,1,1,1
277,5,1,1,1,1,1,1,1,1,1,1,1,1,1,1,1
277.2,5,1,1,1,1,1,1,1,1,1,1,1,1,1,1,1
277.4,5,1,1,1,1,1,1,1,1,1,1,1,1,1,1,1
277.6,5,1,1,1,1,1,1,1,1,1,1,1,1,1,1,1
277.8,5,1,1,1,1,1,1,1,1,1,1,1,1,1,1,1
278,5,1,1,1,1,1,1,1,1,1,1,1,1,1,1,1
278.2,5,1,1,1,1,1,1,1,1,1,1,1,1,1,1,1
278.4,5,1,1,1,1,1,1,1,1,1,1,1,1,1,1,1
278.6,5,1,1,1,1,1,1,1,1,1,1,1,1,1,1,1
278.8,5,1,1,1,1,1,1,1,1,1,1,1,1,1,1,1
279,5,1,1,1,1,1,1,1,1,1,1,1,1,1,1,1
279.2,5,1,1,1,1,1,1,1,1,1,1,1,1,1,1,1
279.4,5,1,1,1,1,1,1,1,1,1,1,1,1,1,1,1
279.6,5,1,1,1,1,1,1,1,1,1,1,1,1,1,1,1
279.8,5,1,1,1,1,1,1,1,1,1,1,1,1,1,1,1
280,5,1,1,1,1,1,1,1,1,1,1,1,1,1,1,1
280.2,5,1,1,1,1,1,1,1,1,1,1,1,1,1,1,1
280.4,5,1,1,1,1,1,1,1,1,1,1,1,1,1,1,1
280.6,5,1,1,1,1,1,1,1,1,1,1,1,1,1,1,1
280.8,5,1,1,1,1,1,1,1,1,1,1,1,1,1,1,1
281,5,1,1,1,1,1,1,1,1,1,1,1,1,1,1,1
281.2,5,1,1,1,1,1,1,1,1,1,1,1,1,1,1,1
281.4,5,1,1,1,1,1,1,1,1,1,1,1,1,1,1,1
281.6,5,1,1,1,1,1,1,1,1,1,1,1,1,1,1,1
281.8,5,1,1,1,1,1,1,1,1,1,1,1,1,1,1,1
282,5,1,1,1,1,1,1,1,1,1,1,1,1,1,1,1
282.2,5,1,1,1,1,1,1,1,1,1,1,1,1,1,1,1
282.4,5,1,1,1,1,1,1,1,1,1,1,1,1,1,1,1
282.6,5,1,1,1,1,1,1,1,1,1,1,1,1,1,1,1
282.8,5,1,1,1,1,1,1,1,1,1,1,1,1,1,1,1
283,5,1,1,1,1,1,1,1,1,1,1,1,1,1,1,1
283.2,5,1,1,1,1,1,1,1,1,1,1,1,1,1,1,1
283.4,5,1,1,1,1,1,1,1,1,1,1,1,1,1,1,1
283.6,5,1,1,1,1,1,1,1,1,1,1,1,1,1,1,1
283.8,5,1,1,1,1,1,1,1,1,1,1,1,1,1,1,1
284,5,1,1,1,1,1,1,1,1,1,1,1,1,1,1,1
284.2,5,1,1,1,1,1,1,1,1,1,1,1,1,1,1,1
284.4,5,1,1,1,1,1,1,1,1,1,1,1,1,1,1,1
284.6,5,1,1,1,1,1,1,1,1,1,1,1,1,1,1,1
284.8,5,1,1,1,1,1,1,1,1,1,1,1,1,1,1,1
285,5,1,1,1,1,1,1,1,1,1,1,1,1,1,1,1
285.2,5,1,1,1,1,1,1,1,1,1,1,1,1,1,1,1
285.4,5,1,1,1,1,1,1,1,1,1,1,1,1,1,1,1
285.6,5,1,1,1,1,1,1,1,1,1,1,1,1,1,1,1
285.8,5,1,1,1,1,1,1,1,1,1,1,1,1,1,1,1
286,5,1,1,1,1,1,1,1,1,1,1,1,1,1,1,1
286.2,5,1,1,1,1,1,1,1,1,1,1,1,1,1,1,1
286.4,5,1,1,1,1,1,1,1,1,1,1,1,1,1,1,1
286.6,5,1,1,1,1,1,1,1,1,1,1,1,1,1,1,1
286.8,5,1,1,1,1,1,1,1,1,1,1,1,1,1,1,1
287,5,1,1,1,1,1,1,1,1,1,1,1,1,1,1,1
287.2,5,1,1,1,1,1,1,1,1,1,1,1,1,1,1,1
287.4,5,1,1,1,1,1,1,1,1,1,1,1,1,1,1,1
287.6,5,1,1,1,1,1,1,1,1,1,1,1,1,1,1,1
287.8,5,1,1,1,1,1,1,1,1,1,1,1,1,1,1,1
288,5,1,1,1,1,1,1,1,1,1,1,1,1,1,1,1
288.2,5,1,1,1,1,1,1,1,1,1,1,1,1,1,1,1
288.4,5,1,1,1,1,1,1,1,1,1,1,1,1,1,1,1
288.6,5,1,1,1,1,1,1,1,1,1,1,1,1,1,1,1
288.8,5,1,1,1,1,1,1,1,1,1,1,1,1,1,1,1
289,5,1,1,1,1,1,1,1,1,1,1,1,1,1,1,1
289.2,5,1,1,1,1,1,1,1,1,1,1,1,1,1,1,1
289.4,5,1,1,1,1,1,1,1,1,1,1,1,1,1,1,1
289.6,5,1,1,1,1,1,1,1,1,1,1,1,1,1,1,1
289.8,5,1,1,1,1,1,1,1,1,1,1,1,1,1,1,1
290,5,1,1,1,1,1,1,1,1,1,1,1,1,1,1,1
290.2,5,1,1,1,1,1,1,1,1,1,1,1,1,1,1,1
290.4,5,1,1,1,1,1,1,1,1,1,1,1,1,1,1,1
290.6,5,1,1,1,1,1,1,1,1,1,1,1,1,1,1,1
290.8,5,1,1,1,1,1,1,1,1,1,1,1,1,1,1,1
291,5,1,1,1,1,1,1,1,1,1,1,1,1,1,1,1
291.2,5,1,1,1,1,1,1,1,1,1,1,1,1,1,1,1
291.4,5,1,1,1,1,1,1,1,1,1,1,1,1,1,1,1
291.6,5,1,1,1,1,1,1,1,1,1,1,1,1,1,1,1
291.8,5,1,1,1,1,1,1,1,1,1,1,1,1,1,1,1
292,5,1,1,1,1,1,1,1,1,1,1,1,1,1,1,1
292.2,5,1,1,1,1,1,1,1,1,1,1,1,1,1,1,1
292.4,5,1,1,1,1,1,1,1,1,1,1,1,1,1,1,1
292.6,5,1,1,1,1,1,1,1,1,1,1,1,1,1,1,1
292.8,5,1,1,1,1,1,1,1,1,1,1,1,1,1,1,1
293,5,1,1,1,1,1,1,1,1,1,1,1,1,1,1,1
293.2,5,1,1,1,1,1,1,1,1,1,1,1,1,1,1,1
293.4,5,1,1,1,1,1,1,1,1,1,1,1,1,1,1,1
293.6,5,1,1,1,1,1,1,1,1,1,1,1,1,1,1,1
293.8,5,1,1,1,1,1,1,1,1,1,1,1,1,1,1,1
294,5,1,1,1,1,1,1,1,1,1,1,1,1,1,1,1
294.2,5,1,1,1,1,1,1,1,1,1,1,1,1,1,1,1
294.4,5,1,1,1,1,1,1,1,1,1,1,1,1,1,1,1
294.6,5,1,1,1,1,1,1,1,1,1,1,1,1,1,1,1
294.8,5,1,1,1,1,1,1,1,1,1,1,1,1,1,1,1
295,5,1,1,1,1,1,1,1,1,1,1,1,1,1,1,1
295.2,5,1,1,1,1,1,1,1,1,1,1,1,1,1,1,1
295.4,5,1,1,1,1,1,1,1,1,1,1,1,1,1,1,1
295.6,5,1,1,1,1,1,1,1,1,1,1,1,1,1,1,1
295.8,5,1,1,1,1,1,1,1,1,1,1,1,1,1,1,1
296,5,1,1,1,1,1,1,1,1,1,1,1,1,1,1,1
296.2,5,1,1,1,1,1,1,1,1,1,1,1,1,1,1,1
296.4,5,1,1,1,1,1,1,1,1,1,1,1,1,1,1,1
296.6,5,1,1,1,1,1,1,1,1,1,1,1,1,1,1,1
296.8,5,1,1,1,1,1,1,1,1,1,1,1,1,1,1,1
297,5,1,1,1,1,1,1,1,1,1,1,1,1,1,1,1
297.2,5,1,1,1,1,1,1,1,1,1,1,1,1,1,1,1
297.4,5,1,1,1,1,1,1,1,1,1,1,1,1,1,1,1
297.6,5,1,1,1,1,1,1,1,1,1,1,1,1,1,1,1
297.8,5,1,1,1,1,1,1,1,1,1,1,1,1,1,1,1
298,5,1,1,1,1,1,1,1,1,1,1,1,1,1,1,1
298.2,5,1,1,1,1,1,1,1,1,1,1,1,1,1,1,1
298.4,5,1,1,1,1,1,1,1,1,1,1,1,1,1,1,1
298.6,5,1,1,1,1,1,1,1,1,1,1,1,1,1,1,1
298.8,5,1,1,1,1,1,1,1,1,1,1,1,1,1,1,1
299,5,1,1,1,1,1,1,1,1,1,1,1,1,1,1,1
299.2,5,1,1,1,1,1,1,1,1,1,1,1,1,1,1,1
299.4,5,1,1,1,1,1,1,1,1,1,1,1,1,1,1,1
299.6,5,1,1,1,1,1,1,1,1,1,1,1,1,1,1,1
299.8,5,1,1,1,1,1,1,1,1,1,1,1,1,1,1,1
300,5,1,1,1,1,1,1,1,1,1,1,1,1,1,1,1
300.2,5,1,1,1,1,1,1,1,1,1,1,1,1,1,1,1
300.4,5,1,1,1,1,1,1,1,1,1,1,1,1,1,1,1
300.6,5,1,1,1,1,1,1,1,1,1,1,1,1,1,1,1
300.8,5,1,1,1,1,1,1,1,1,1,1,1,1,1,1,1
301,5,1,1,1,1,1,1,1,1,1,1,1,1,1,1,1
301.2,5,1,1,1,1,1,1,1,1,1,1,1,1,1,1,1
301.4,5,1,1,1,1,1,1,1,1,1,1,1,1,1,1,1
301.6,5,1,1,1,1,1,1,1,1,1,1,1,1,1,1,1
301.8,5,1,1,1,1,1,1,1,1,1,1,1,1,1,1,1
302,5,1,1,1,1,1,1,1,1,1,1,1,1,1,1,1
302.2,5,1,1,1,1,1,1,1,1,1,1,1,1,1,1,1
302.4,5,1,1,1,1,1,1,1,1,1,1,1,1,1,1,1
302.6,5,1,1,1,1,1,1,1,1,1,1,1,1,1,1,1
302.8,5,1,1,1,1,1,1,1,1,1,1,1,1,1,1,1
303,5,1,1,1,1,1,1,1,1,1,1,1,1,1,1,1
303.2,5,1,1,1,1,1,1,1,1,1,1,1,1,1,1,1
303.4,5,1,1,1,1,1,1,1,1,1,1,1,1,1,1,1
303.6,5,1,1,1,1,1,1,1,1,1,1,1,1,1,1,1
303.8,5,1,1,1,1,1,1,1,1,1,1,1,1,1,1,1
304,5,1,1,1,1,1,1,1,1,1,1,1,1,1,1,1
304.2,5,1,1,1,1,1,1,1,1,1,1,1,1,1,1,1
304.4,5,1,1,1,1,1,1,1,1,1,1,1,1,1,1,1
304.6,5,1,1,1,1,1,1,1,1,1,1,1,1,1,1,1
304.8,5,1,1,1,1,1,1,1,1,1,1,1,1,1,1,1
305,5,1,1,1,1,1,1,1,1,1,1,1,1,1,1,1
305.2,5,1,1,1,1,1,1,1,1,1,1,1,1,1,1,1
305.4,5,1,1,1,1,1,1,1,1,1,1,1,1,1,1,1
305.6,5,1,1,1,1,1,1,1,1,1,1,1,1,1,1,1
305.8,5,1,1,1,1,1,1,1,1,1,1,1,1,1,1,1
306,5,1,1,1,1,1,1,1,1,1,1,1,1,1,1,1
306.2,5,1,1,1,1,1,1,1,1,1,1,1,1,1,1,1
306.4,5,1,1,1,1,1,1,1,1,1,1,1,1,1,1,1
306.6,5,1,1,1,1,1,1,1,1,1,1,1,1,1,1,1
306.8,5,1,1,1,1,1,1,1,1,1,1,1,1,1,1,1
307,5,1,1,1,1,1,1,1,1,1,1,1,1,1,1,1
307.2,5,1,1,1,1,1,1,1,1,1,1,1,1,1,1,1
307.4,5,1,1,1,1,1,1,1,1,1,1,1,1,1,1,1
307.6,5,1,1,1,1,1,1,1,1,1,1,1,1,1,1,1
307.8,5,1,1,1,1,1,1,1,1,1,1,1,1,1,1,1
308,5,1,1,1,1,1,1,1,1,1,1,1,1,1,1,1
308.2,5,1,1,1,1,1,1,1,1,1,1,1,1,1,1,1
308.4,5,1,1,1,1,1,1,1,1,1,1,1,1,1,1,1
308.6,5,1,1,1,1,1,1,1,1,1,1,1,1,1,1,1
308.8,5,1,1,1,1,1,1,1,1,1,1,1,1,1,1,1
309,5,1,1,1,1,1,1,1,1,1,1,1,1,1,1,1
309.2,5,1,1,1,1,1,1,1,1,1,1,1,1,1,1,1
309.4,5,1,1,1,1,1,1,1,1,1,1,1,1,1,1,1
309.6,5,1,1,1,1,1,1,1,1,1,1,1,1,1,1,1
309.8,5,1,1,1,1,1,1,1,1,1,1,1,1,1,1,1
310,5,1,1,1,1,1,1,1,1,1,1,1,1,1,1,1
310.2,5,1,1,1,1,1,1,1,1,1,1,1,1,1,1,1
310.4,5,1,1,1,1,1,1,1,1,1,1,1,1,1,1,1
310.6,5,1,1,1,1,1,1,1,1,1,1,1,1,1,1,1
310.8,5,1,1,1,1,1,1,1,1,1,1,1,1,1,1,1
311,5,1,1,1,1,1,1,1,1,1,1,1,1,1,1,1
311.2,5,1,1,1,1,1,1,1,1,1,1,1,1,1,1,1
311.4,5,1,1,1,1,1,1,1,1,1,1,1,1,1,1,1
311.6,5,1,1,1,1,1,1,1,1,1,1,1,1,1,1,1
311.8,5,1,1,1,1,1,1,1,1,1,1,1,1,1,1,1
312,5,1,1,1,1,1,1,1,1,1,1,1,1,1,1,1
312.2,5,1,1,1,1,1,1,1,1,1,1,1,1,1,1,1
312.4,5,1,1,1,1,1,1,1,1,1,1,1,1,1,1,1
312.6,5,1,1,1,1,1,1,1,1,1,1,1,1,1,1,1
312.8,5,1,1,1,1,1,1,1,1,1,1,1,1,1,1,1
313,5,1,1,1,1,1,1,1,1,1,1,1,1,1,1,1
313.2,5,1,1,1,1,1,1,1,1,1,1,1,1,1,1,1
313.4,5,1,1,1,1,1,1,1,1,1,1,1,1,1,1,1
313.6,5,1,1,1,1,1,1,1,1,1,1,1,1,1,1,1
313.8,5,1,1,1,1,1,1,1,1,1,1,1,1,1,1,1
314,5,1,1,1,1,1,1,1,1,1,1,1,1,1,1,1
314.2,5,1,1,1,1,1,1,1,1,1,1,1,1,1,1,1
314.4,5,1,1,1,1,1,1,1,1,1,1,1,1,1,1,1
314.6,5,1,1,1,1,1,1,1,1,1,1,1,1,1,1,1
314.8,5,1,1,1,1,1,1,1,1,1,1,1,1,1,1,1
315,5,1,1,1,1,1,1,1,1,1,1,1,1,1,1,1
315.2,5,1,1,1,1,1,1,1,1,1,1,1,1,1,1,1
315.4,5,1,1,1,1,1,1,1,1,1,1,1,1,1,1,1
315.6,5,1,1,1,1,1,1,1,1,1,1,1,1,1,1,1
315.8,5,1,1,1,1,1,1,1,1,1,1,1,1,1,1,1
316,5,1,1,1,1,1,1,1,1,1,1,1,1,1,1,1
316.2,5,1,1,1,1,1,1,1,1,1,1,1,1,1,1,1
316.4,5,1,1,1,1,1,1,1,1,1,1,1,1,1,1,1
316.6,5,1,1,1,1,1,1,1,1,1,1,1,1,1,1,1
316.8,5,1,1,1,1,1,1,1,1,1,1,1,1,1,1,1
317,5,1,1,1,1,1,1,1,1,1,1,1,1,1,1,1
317.2,5,1,1,1,1,1,1,1,1,1,1,1,1,1,1,1
317.4,5,1,1,1,1,1,1,1,1,1,1,1,1,1,1,1
317.6,5,1,1,1,1,1,1,1,1,1,1,1,1,1,1,1
317.8,5,1,1,1,1,1,1,1,1,1,1,1,1,1,1,1
318,5,1,1,1,1,1,1,1,1,1,1,1,1,1,1,1
318.2,5,1,1,1,1,1,1,1,1,1,1,1,1,1,1,1
318.4,5,1,1,1,1,1,1,1,1,1,1,1,1,1,1,1
318.6,5,1,1,1,1,1,1,1,1,1,1,1,1,1,1,1
318.8,5,1,1,1,1,1,1,1,1,1,1,1,1,1,1,1
319,5,1,1,1,1,1,1,1,1,1,1,1,1,1,1,1
319.2,5,1,1,1,1,1,1,1,1,1,1,1,1,1,1,1
319.4,5,1,1,1,1,1,1,1,1,1,1,1,1,1,1,1
319.6,5,1,1,1,1,1,1,1,1,1,1,1,1,1,1,1
319.8,5,1,1,1,1,1,1,1,1,1,1,1,1,1,1,1
320,5,1,1,1,1,1,1,1,1,1,1,1,1,1,1,1
320.2,5,1,1,1,1,1,1,1,1,1,1,1,1,1,1,1
320.4,5,1,1,1,1,1,1,1,1,1,1,1,1,1,1,1
320.6,5,1,1,1,1,1,1,1,1,1,1,1,1,1,1,1
320.8,5,1,1,1,1,1,1,1,1,1,1,1,1,1,1,1
321,5,1,1,1,1,1,1,1,1,1,1,1,1,1,1,1
321.2,5,1,1,1,1,1,1,1,1,1,1,1,1,1,1,1
321.4,5,1,1,1,1,1,1,1,1,1,1,1,1,1,1,1
321.6,5,1,1,1,1,1,1,1,1,1,1,1,1,1,1,1
321.8,5,1,1,1,1,1,1,1,1,1,1,1,1,1,1,1
322,5,1,1,1,1,1,1,1,1,1,1,1,1,1,1,1
322.2,5,1,1,1,1,1,1,1,1,1,1,1,1,1,1,1
322.4,5,1,1,1,1,1,1,1,1,1,1,1,1,1,1,1
322.6,5,1,1,1,1,1,1,1,1,1,1,1,1,1,1,1
322.8,5,1,1,1,1,1,1,1,1,1,1,1,1,1,1,1
323,5,1,1,1,1,1,1,1,1,1,1,1,1,1,1,1
323.2,5,1,1,1,1,1,1,1,1,1,1,1,1,1,1,1
323.4,5,1,1,1,1,1,1,1,1,1,1,1,1,1,1,1
323.6,5,1,1,1,1,1,1,1,1,1,1,1,1,1,1,1
323.8,5,1,1,1,1,1,1,1,1,1,1,1,1,1,1,1
324,5,1,1,1,1,1,1,1,1,1,1,1,1,1,1,1
324.2,5,1,1,1,1,1,1,1,1,1,1,1,1,1,1,1
324.4,5,1,1,1,1,1,1,1,1,1,1,1,1,1,1,1
324.6,5,1,1,1,1,1,1,1,1,1,1,1,1,1,1,1
324.8,5,1,1,1,1,1,1,1,1,1,1,1,1,1,1,1
325,5,1,1,1,1,1,1,1,1,1,1,1,1,1,1,1
325.2,5,1,1,1,1,1,1,1,1,1,1,1,1,1,1,1
325.4,5,1,1,1,1,1,1,1,1,1,1,1,1,1,1,1
325.6,5,1,1,1,1,1,1,1,1,1,1,1,1,1,1,1
325.8,5,1,1,1,1,1,1,1,1,1,1,1,1,1,1,1
326,5,1,1,1,1,1,1,1,1,1,1,1,1,1,1,1
326.2,5,1,1,1,1,1,1,1,1,1,1,1,1,1,1,1
326.4,5,1,1,1,1,1,1,1,1,1,1,1,1,1,1,1
326.6,5,1,1,1,1,1,1,1,1,1,1,1,1,1,1,1
326.8,5,1,1,1,1,1,1,1,1,1,1,1,1,1,1,1
327,5,1,1,1,1,1,1,1,1,1,1,1,1,1,1,1
327.2,5,1,1,1,1,1,1,1,1,1,1,1,1,1,1,1
327.4,5,1,1,1,1,1,1,1,1,1,1,1,1,1,1,1
327.6,5,1,1,1,1,1,1,1,1,1,1,1,1,1,1,1
327.8,5,1,1,1,1,1,1,1,1,1,1,1,1,1,1,1
328,5,1,1,1,1,1,1,1,1,1,1,1,1,1,1,1
328.2,5,1,1,1,1,1,1,1,1,1,1,1,1,1,1,1
328.4,5,1,1,1,1,1,1,1,1,1,1,1,1,1,1,1
328.6,5,1,1,1,1,1,1,1,1,1,1,1,1,1,1,1
328.8,5,1,1,1,1,1,1,1,1,1,1,1,1,1,1,1
329,5,1,1,1,1,1,1,1,1,1,1,1,1,1,1,1
329.2,5,1,1,1,1,1,1,1,1,1,1,1,1,1,1,1
329.4,5,1,1,1,1,1,1,1,1,1,1,1,1,1,1,1
329.6,5,1,1,1,1,1,1,1,1,1,1,1,1,1,1,1
329.8,5,1,1,1,1,1,1,1,1,1,1,1,1,1,1,1
330,5,1,1,1,1,1,1,1,1,1,1,1,1,1,1,1
330.2,5,1,1,1,1,1,1,1,1,1,1,1,1,1,1,1
330.4,5,1,1,1,1,1,1,1,1,1,1,1,1,1,1,1
330.6,5,1,1,1,1,1,1,1,1,1,1,1,1,1,1,1
330.8,5,1,1,1,1,1,1,1,1,1,1,1,1,1,1,1
331,5,1,1,1,1,1,1,1,1,1,1,1,1,1,1,1
331.2,5,1,1,1,1,1,1,1,1,1,1,1,1,1,1,1
331.4,5,1,1,1,1,1,1,1,1,1,1,1,1,1,1,1
331.6,5,1,1,1,1,1,1,1,1,1,1,1,1,1,1,1
331.8,5,1,1,1,1,1,1,1,1,1,1,1,1,1,1,1
332,5,1,1,1,1,1,1,1,1,1,1,1,1,1,1,1
332.2,5,1,1,1,1,1,1,1,1,1,1,1,1,1,1,1
332.4,5,1,1,1,1,1,1,1,1,1,1,1,1,1,1,1
332.6,5,1,1,1,1,1,1,1,1,1,1,1,1,1,1,1
332.8,5,1,1,1,1,1,1,1,1,1,1,1,1,1,1,1
333,5,1,1,1,1,1,1,1,1,1,1,1,1,1,1,1
333.2,5,1,1,1,1,1,1,1,1,1,1,1,1,1,1,1
333.4,5,1,1,1,1,1,1,1,1,1,1,1,1,1,1,1
333.6,5,1,1,1,1,1,1,1,1,1,1,1,1,1,1,1
333.8,5,1,1,1,1,1,1,1,1,1,1,1,1,1,1,1
334,5,1,1,1,1,1,1,1,1,1,1,1,1,1,1,1
334.2,5,1,1,1,1,1,1,1,1,1,1,1,1,1,1,1
334.4,5,1,1,1,1,1,1,1,1,1,1,1,1,1,1,1
334.6,5,1,1,1,1,1,1,1,1,1,1,1,1,1,1,1
334.8,5,1,1,1,1,1,1,1,1,1,1,1,1,1,1,1
335,5,1,1,1,1,1,1,1,1,1,1,1,1,1,1,1
335.2,5,1,1,1,1,1,1,1,1,1,1,1,1,1,1,1
335.4,5,1,1,1,1,1,1,1,1,1,1,1,1,1,1,1
335.6,5,1,1,1,1,1,1,1,1,1,1,1,1,1,1,1
335.8,5,1,1,1,1,1,1,1,1,1,1,1,1,1,1,1
336,5,1,1,1,1,1,1,1,1,1,1,1,1,1,1,1
336.2,5,1,1,1,1,1,1,1,1,1,1,1,1,1,1,1
336.4,5,1,1,1,1,1,1,1,1,1,1,1,1,1,1,1
336.6,5,1,1,1,1,1,1,1,1,1,1,1,1,1,1,1
336.8,5,1,1,1,1,1,1,1,1,1,1,1,1,1,1,1
337,5,1,1,1,1,1,1,1,1,1,1,1,1,1,1,1
337.2,5,1,1,1,1,1,1,1,1,1,1,1,1,1,1,1
337.4,5,1,1,1,1,1,1,1,1,1,1,1,1,1,1,1
337.6,5,1,1,1,1,1,1,1,1,1,1,1,1,1,1,1
337.8,5,1,1,1,1,1,1,1,1,1,1,1,1,1,1,1
338,5,1,1,1,1,1,1,1,1,1,1,1,1,1,1,1
338.2,5,1,1,1,1,1,1,1,1,1,1,1,1,1,1,1
338.4,5,1,1,1,1,1,1,1,1,1,1,1,1,1,1,1
338.6,5,1,1,1,1,1,1,1,1,1,1,1,1,1,1,1
338.8,5,1,1,1,1,1,1,1,1,1,1,1,1,1,1,1
339,5,1,1,1,1,1,1,1,1,1,1,1,1,1,1,1
339.2,5,1,1,1,1,1,1,1,1,1,1,1,1,1,1,1
339.4,5,1,1,1,1,1,1,1,1,1,1,1,1,1,1,1
339.6,5,1,1,1,1,1,1,1,1,1,1,1,1,1,1,1
339.8,5,1,1,1,1,1,1,1,1,1,1,1,1,1,1,1
340,5,1,1,1,1,1,1,1,1,1,1,1,1,1,1,1
340.2,5,1,1,1,1,1,1,1,1,1,1,1,1,1,1,1
340.4,5,1,1,1,1,1,1,1,1,1,1,1,1,1,1,1
340.6,5,1,1,1,1,1,1,1,1,1,1,1,1,1,1,1
340.8,5,1,1,1,1,1,1,1,1,1,1,1,1,1,1,1
341,5,1,1,1,1,1,1,1,1,1,1,1,1,1,1,1
341.2,5,1,1,1,1,1,1,1,1,1,1,1,1,1,1,1
341.4,5,1,1,1,1,1,1,1,1,1,1,1,1,1,1,1
341.6,5,1,1,1,1,1,1,1,1,1,1,1,1,1,1,1
341.8,5,1,1,1,1,1,1,1,1,1,1,1,1,1,1,1
342,5,1,1,1,1,1,1,1,1,1,1,1,1,1,1,1
342.2,5,1,1,1,1,1,1,1,1,1,1,1,1,1,1,1
342.4,5,1,1,1,1,1,1,1,1,1,1,1,1,1,1,1
342.6,5,1,1,1,1,1,1,1,1,1,1,1,1,1,1,1
342.8,5,1,1,1,1,1,1,1,1,1,1,1,1,1,1,1
343,5,1,1,1,1,1,1,1,1,1,1,1,1,1,1,1
343.2,5,1,1,1,1,1,1,1,1,1,1,1,1,1,1,1
343.4,5,1,1,1,1,1,1,1,1,1,1,1,1,1,1,1
343.6,5,1,1,1,1,1,1,1,1,1,1,1,1,1,1,1
343.8,5,1,1,1,1,1,1,1,1,1,1,1,1,1,1,1
344,5,1,1,1,1,1,1,1,1,1,1,1,1,1,1,1
344.2,5,1,1,1,1,1,1,1,1,1,1,1,1,1,1,1
344.4,5,1,1,1,1,1,1,1,1,1,1,1,1,1,1,1
344.6,5,1,1,1,1,1,1,1,1,1,1,1,1,1,1,1
344.8,5,1,1,1,1,1,1,1,1,1,1,1,1,1,1,1
345,5,1,1,1,1,1,1,1,1,1,1,1,1,1,1,1
345.2,5,1,1,1,1,1,1,1,1,1,1,1,1,1,1,1
345.4,5,1,1,1,1,1,1,1,1,1,1,1,1,1,1,1
345.6,5,1,1,1,1,1,1,1,1,1,1,1,1,1,1,1
345.8,5,1,1,1,1,1,1,1,1,1,1,1,1,1,1,1
346,5,1,1,1,1,1,1,1,1,1,1,1,1,1,1,1
346.2,5,1,1,1,1,1,1,1,1,1,1,1,1,1,1,1
346.4,5,1,1,1,1,1,1,1,1,1,1,1,1,1,1,1
346.6,5,1,1,1,1,1,1,1,1,1,1,1,1,1,1,1
346.8,5,1,1,1,1,1,1,1,1,1,1,1,1,1,1,1
347,5,1,1,1,1,1,1,1,1,1,1,1,1,1,1,1
347.2,5,1,1,1,1,1,1,1,1,1,1,1,1,1,1,1
347.4,5,1,1,1,1,1,1,1,1,1,1,1,1,1,1,1
347.6,5,1,1,1,1,1,1,1,1,1,1,1,1,1,1,1
347.8,5,1,1,1,1,1,1,1,1,1,1,1,1,1,1,1
348,5,1,1,1,1,1,1,1,1,1,1,1,1,1,1,1
348.2,5,1,1,1,1,1,1,1,1,1,1,1,1,1,1,1
348.4,5,1,1,1,1,1,1,1,1,1,1,1,1,1,1,1
348.6,5,1,1,1,1,1,1,1,1,1,1,1,1,1,1,1
348.8,5,1,1,1,1,1,1,1,1,1,1,1,1,1,1,1
349,5,1,1,1,1,1,1,1,1,1,1,1,1,1,1,1
349.2,5,1,1,1,1,1,1,1,1,1,1,1,1,1,1,1
349.4,5,1,1,1,1,1,1,1,1,1,1,1,1,1,1,1
349.6,5,1,1,1,1,1,1,1,1,1,1,1,1,1,1,1
349.8,5,1,1,1,1,1,1,1,1,1,1,1,1,1,1,1
350,5,1,1,1,1,1,1,1,1,1,1,1,1,1,1,1
350.2,5,1,1,1,1,1,1,1,1,1,1,1,1,1,1,1
350.4,5,1,1,1,1,1,1,1,1,1,1,1,1,1,1,1
350.6,5,1,1,1,1,1,1,1,1,1,1,1,1,1,1,1
350.8,5,1,1,1,1,1,1,1,1,1,1,1,1,1,1,1
351,5,1,1,1,1,1,1,1,1,1,1,1,1,1,1,1
351.2,5,1,1,1,1,1,1,1,1,1,1,1,1,1,1,1
351.4,5,1,1,1,1,1,1,1,1,1,1,1,1,1,1,1
351.6,5,1,1,1,1,1,1,1,1,1,1,1,1,1,1,1
351.8,5,1,1,1,1,1,1,1,1,1,1,1,1,1,1,1
352,5,1,1,1,1,1,1,1,1,1,1,1,1,1,1,1
352.2,5,1,1,1,1,1,1,1,1,1,1,1,1,1,1,1
352.4,5,1,1,1,1,1,1,1,1,1,1,1,1,1,1,1
352.6,5,1,1,1,1,1,1,1,1,1,1,1,1,1,1,1
352.8,5,1,1,1,1,1,1,1,1,1,1,1,1,1,1,1
353,5,1,1,1,1,1,1,1,1,1,1,1,1,1,1,1
353.2,5,1,1,1,1,1,1,1,1,1,1,1,1,1,1,1
353.4,5,1,1,1,1,1,1,1,1,1,1,1,1,1,1,1
353.6,5,1,1,1,1,1,1,1,1,1,1,1,1,1,1,1
353.8,5,1,1,1,1,1,1,1,1,1,1,1,1,1,1,1
354,5,1,1,1,1,1,1,1,1,1,1,1,1,1,1,1
354.2,5,1,1,1,1,1,1,1,1,1,1,1,1,1,1,1
354.4,5,1,1,1,1,1,1,1,1,1,1,1,1,1,1,1
354.6,5,1,1,1,1,1,1,1,1,1,1,1,1,1,1,1
354.8,5,1,1,1,1,1,1,1,1,1,1,1,1,1,1,1
355,5,1,1,1,1,1,1,1,1,1,1,1,1,1,1,1
355.2,5,1,1,1,1,1,1,1,1,1,1,1,1,1,1,1
355.4,5,1,1,1,1,1,1,1,1,1,1,1,1,1,1,1
355.6,5,1,1,1,1,1,1,1,1,1,1,1,1,1,1,1
355.8,5,1,1,1,1,1,1,1,1,1,1,1,1,1,1,1
356,5,1,1,1,1,1,1,1,1,1,1,1,1,1,1,1
356.2,5,1,1,1,1,1,1,1,1,1,1,1,1,1,1,1
356.4,5,1,1,1,1,1,1,1,1,1,1,1,1,1,1,1
356.6,5,1,1,1,1,1,1,1,1,1,1,1,1,1,1,1
356.8,5,1,1,1,1,1,1,1,1,1,1,1,1,1,1,1
357,5,1,1,1,1,1,1,1,1,1,1,1,1,1,1,1
357.2,5,1,1,1,1,1,1,1,1,1,1,1,1,1,1,1
357.4,5,1,1,1,1,1,1,1,1,1,1,1,1,1,1,1
357.6,5,1,1,1,1,1,1,1,1,1,1,1,1,1,1,1
357.8,5,1,1,1,1,1,1,1,1,1,1,1,1,1,1,1
358,5,1,1,1,1,1,1,1,1,1,1,1,1,1,1,1
358.2,5,1,1,1,1,1,1,1,1,1,1,1,1,1,1,1
358.4,5,1,1,1,1,1,1,1,1,1,1,1,1,1,1,1
358.6,5,1,1,1,1,1,1,1,1,1,1,1,1,1,1,1
358.8,5,1,1,1,1,1,1,1,1,1,1,1,1,1,1,1
359,5,1,1,1,1,1,1,1,1,1,1,1,1,1,1,1
359.2,5,1,1,1,1,1,1,1,1,1,1,1,1,1,1,1
359.4,5,1,1,1,1,1,1,1,1,1,1,1,1,1,1,1
359.6,5,1,1,1,1,1,1,1,1,1,1,1,1,1,1,1
359.8,5,1,1,1,1,1,1,1,1,1,1,1,1,1,1,1
360,5,1,1,1,1,1,1,1,1,1,1,1,1,1,1,1
360.2,5,1,1,1,1,1,1,1,1,1,1,1,1,1,1,1
360.4,5,1,1,1,1,1,1,1,1,1,1,1,1,1,1,1
360.6,5,1,1,1,1,1,1,1,1,1,1,1,1,1,1,1
360.8,5,1,1,1,1,1,1,1,1,1,1,1,1,1,1,1
361,5,1,1,1,1,1,1,1,1,1,1,1,1,1,1,1
361.2,5,1,1,1,1,1,1,1,1,1,1,1,1,1,1,1
361.4,5,1,1,1,1,1,1,1,1,1,1,1,1,1,1,1
361.6,5,1,1,1,1,1,1,1,1,1,1,1,1,1,1,1
361.8,5,1,1,1,1,1,1,1,1,1,1,1,1,1,1,1
362,5,1,1,1,1,1,1,1,1,1,1,1,1,1,1,1
362.2,5,1,1,1,1,1,1,1,1,1,1,1,1,1,1,1
362.4,5,1,1,1,1,1,1,1,1,1,1,1,1,1,1,1
362.6,5,1,1,1,1,1,1,1,1,1,1,1,1,1,1,1
362.8,5,1,1,1,1,1,1,1,1,1,1,1,1,1,1,1
363,5,1,1,1,1,1,1,1,1,1,1,1,1,1,1,1
363.2,5,1,1,1,1,1,1,1,1,1,1,1,1,1,1,1
363.4,5,1,1,1,1,1,1,1,1,1,1,1,1,1,1,1
363.6,5,1,1,1,1,1,1,1,1,1,1,1,1,1,1,1
363.8,5,1,1,1,1,1,1,1,1,1,1,1,1,1,1,1
364,5,1,1,1,1,1,1,1,1,1,1,1,1,1,1,1
364.2,5,1,1,1,1,1,1,1,1,1,1,1,1,1,1,1
364.4,5,1,1,1,1,1,1,1,1,1,1,1,1,1,1,1
364.6,5,1,1,1,1,1,1,1,1,1,1,1,1,1,1,1
364.8,5,1,1,1,1,1,1,1,1,1,1,1,1,1,1,1
365,5,1,1,1,1,1,1,1,1,1,1,1,1,1,1,1
365.2,5,1,1,1,1,1,1,1,1,1,1,1,1,1,1,1
365.4,5,1,1,1,1,1,1,1,1,1,1,1,1,1,1,1
365.6,5,1,1,1,1,1,1,1,1,1,1,1,1,1,1,1
365.8,5,1,1,1,1,1,1,1,1,1,1,1,1,1,1,1
366,5,1,1,1,1,1,1,1,1,1,1,1,1,1,1,1
366.2,5,1,1,1,1,1,1,1,1,1,1,1,1,1,1,1
366.4,5,1,1,1,1,1,1,1,1,1,1,1,1,1,1,1
366.6,5,1,1,1,1,1,1,1,1,1,1,1,1,1,1,1
366.8,5,1,1,1,1,1,1,1,1,1,1,1,1,1,1,1
367,5,1,1,1,1,1,1,1,1,1,1,1,1,1,1,1
367.2,5,1,1,1,1,1,1,1,1,1,1,1,1,1,1,1
367.4,5,1,1,1,1,1,1,1,1,1,1,1,1,1,1,1
367.6,5,1,1,1,1,1,1,1,1,1,1,1,1,1,1,1
367.8,5,1,1,1,1,1,1,1,1,1,1,1,1,1,1,1
368,5,1,1,1,1,1,1,1,1,1,1,1,1,1,1,1
368.2,5,1,1,1,1,1,1,1,1,1,1,1,1,1,1,1
368.4,5,1,1,1,1,1,1,1,1,1,1,1,1,1,1,1
368.6,5,1,1,1,1,1,1,1,1,1,1,1,1,1,1,1
368.8,5,1,1,1,1,1,1,1,1,1,1,1,1,1,1,1
369,5,1,1,1,1,1,1,1,1,1,1,1,1,1,1,1
369.2,5,1,1,1,1,1,1,1,1,1,1,1,1,1,1,1
369.4,5,1,1,1,1,1,1,1,1,1,1,1,1,1,1,1
369.6,5,1,1,1,1,1,1,1,1,1,1,1,1,1,1,1
369.8,5,1,1,1,1,1,1,1,1,1,1,1,1,1,1,1
370,5,1,1,1,1,1,1,1,1,1,1,1,1,1,1,1
370.2,5,1,1,1,1,1,1,1,1,1,1,1,1,1,1,1
370.4,5,1,1,1,1,1,1,1,1,1,1,1,1,1,1,1
370.6,5,1,1,1,1,1,1,1,1,1,1,1,1,1,1,1
370.8,5,1,1,1,1,1,1,1,1,1,1,1,1,1,1,1
371,5,1,1,1,1,1,1,1,1,1,1,1,1,1,1,1
371.2,5,1,1,1,1,1,1,1,1,1,1,1,1,1,1,1
371.4,5,1,1,1,1,1,1,1,1,1,1,1,1,1,1,1
371.6,5,1,1,1,1,1,1,1,1,1,1,1,1,1,1,1
371.8,5,1,1,1,1,1,1,1,1,1,1,1,1,1,1,1
372,5,1,1,1,1,1,1,1,1,1,1,1,1,1,1,1
372.2,5,1,1,1,1,1,1,1,1,1,1,1,1,1,1,1
372.4,5,1,1,1,1,1,1,1,1,1,1,1,1,1,1,1
372.6,5,1,1,1,1,1,1,1,1,1,1,1,1,1,1,1
372.8,5,1,1,1,1,1,1,1,1,1,1,1,1,1,1,1
373,5,1,1,1,1,1,1,1,1,1,1,1,1,1,1,1
373.2,5,1,1,1,1,1,1,1,1,1,1,1,1,1,1,1
373.4,5,1,1,1,1,1,1,1,1,1,1,1,1,1,1,1
373.6,5,1,1,1,1,1,1,1,1,1,1,1,1,1,1,1
373.8,5,1,1,1,1,1,1,1,1,1,1,1,1,1,1,1
374,5,1,1,1,1,1,1,1,1,1,1,1,1,1,1,1
374.2,5,1,1,1,1,1,1,1,1,1,1,1,1,1,1,1
374.4,5,1,1,1,1,1,1,1,1,1,1,1,1,1,1,1
374.6,5,1,1,1,1,1,1,1,1,1,1,1,1,1,1,1
374.8,5,1,1,1,1,1,1,1,1,1,1,1,1,1,1,1
375,5,1,1,1,1,1,1,1,1,1,1,1,1,1,1,1
375.2,5,1,1,1,1,1,1,1,1,1,1,1,1,1,1,1
375.4,5,1,1,1,1,1,1,1,1,1,1,1,1,1,1,1
375.6,5,1,1,1,1,1,1,1,1,1,1,1,1,1,1,1
375.8,5,1,1,1,1,1,1,1,1,1,1,1,1,1,1,1
376,5,1,1,1,1,1,1,1,1,1,1,1,1,1,1,1
376.2,5,1,1,1,1,1,1,1,1,1,1,1,1,1,1,1
376.4,5,1,1,1,1,1,1,1,1,1,1,1,1,1,1,1
376.6,5,1,1,1,1,1,1,1,1,1,1,1,1,1,1,1
376.8,5,1,1,1,1,1,1,1,1,1,1,1,1,1,1,1
377,5,1,1,1,1,1,1,1,1,1,1,1,1,1,1,1
377.2,5,1,1,1,1,1,1,1,1,1,1,1,1,1,1,1
377.4,5,1,1,1,1,1,1,1,1,1,1,1,1,1,1,1
377.6,5,1,1,1,1,1,1,1,1,1,1,1,1,1,1,1
377.8,5,1,1,1,1,1,1,1,1,1,1,1,1,1,1,1
378,5,1,1,1,1,1,1,1,1,1,1,1,1,1,1,1
378.2,5,1,1,1,1,1,1,1,1,1,1,1,1,1,1,1
378.4,5,1,1,1,1,1,1,1,1,1,1,1,1,1,1,1
378.6,5,1,1,1,1,1,1,1,1,1,1,1,1,1,1,1
378.8,5,1,1,1,1,1,1,1,1,1,1,1,1,1,1,1
379,5,1,1,1,1,1,1,1,1,1,1,1,1,1,1,1
379.2,5,1,1,1,1,1,1,1,1,1,1,1,1,1,1,1
379.4,5,1,1,1,1,1,1,1,1,1,1,1,1,1,1,1
379.6,5,1,1,1,1,1,1,1,1,1,1,1,1,1,1,1
379.8,5,1,1,1,1,1,1,1,1,1,1,1,1,1,1,1
380,5,1,1,1,1,1,1,1,1,1,1,1,1,1,1,1
380.2,5,1,1,1,1,1,1,1,1,1,1,1,1,1,1,1
380.4,5,1,1,1,1,1,1,1,1,1,1,1,1,1,1,1
380.6,5,1,1,1,1,1,1,1,1,1,1,1,1,1,1,1
380.8,5,1,1,1,1,1,1,1,1,1,1,1,1,1,1,1
381,5,1,1,1,1,1,1,1,1,1,1,1,1,1,1,1
381.2,5,1,1,1,1,1,1,1,1,1,1,1,1,1,1,1
381.4,5,1,1,1,1,1,1,1,1,1,1,1,1,1,1,1
381.6,5,1,1,1,1,1,1,1,1,1,1,1,1,1,1,1
381.8,5,1,1,1,1,1,1,1,1,1,1,1,1,1,1,1
382,5,1,1,1,1,1,1,1,1,1,1,1,1,1,1,1
382.2,5,1,1,1,1,1,1,1,1,1,1,1,1,1,1,1
382.4,5,1,1,1,1,1,1,1,1,1,1,1,1,1,1,1
382.6,5,1,1,1,1,1,1,1,1,1,1,1,1,1,1,1
382.8,5,1,1,1,1,1,1,1,1,1,1,1,1,1,1,1
383,5,1,1,1,1,1,1,1,1,1,1,1,1,1,1,1
383.2,5,1,1,1,1,1,1,1,1,1,1,1,1,1,1,1
383.4,5,1,1,1,1,1,1,1,1,1,1,1,1,1,1,1
383.6,5,1,1,1,1,1,1,1,1,1,1,1,1,1,1,1
383.8,5,1,1,1,1,1,1,1,1,1,1,1,1,1,1,1
384,5,1,1,1,1,1,1,1,1,1,1,1,1,1,1,1
384.2,5,1,1,1,1,1,1,1,1,1,1,1,1,1,1,1
384.4,5,1,1,1,1,1,1,1,1,1,1,1,1,1,1,1
384.6,5,1,1,1,1,1,1,1,1,1,1,1,1,1,1,1
384.8,5,1,1,1,1,1,1,1,1,1,1,1,1,1,1,1
385,5,1,1,1,1,1,1,1,1,1,1,1,1,1,1,1
385.2,5,1,1,1,1,1,1,1,1,1,1,1,1,1,1,1
385.4,5,1,1,1,1,1,1,1,1,1,1,1,1,1,1,1
385.6,5,1,1,1,1,1,1,1,1,1,1,1,1,1,1,1
385.8,5,1,1,1,1,1,1,1,1,1,1,1,1,1,1,1
386,5,1,1,1,1,1,1,1,1,1,1,1,1,1,1,1
386.2,5,1,1,1,1,1,1,1,1,1,1,1,1,1,1,1
386.4,5,1,1,1,1,1,1,1,1,1,1,1,1,1,1,1
386.6,5,1,1,1,1,1,1,1,1,1,1,1,1,1,1,1
386.8,5,1,1,1,1,1,1,1,1,1,1,1,1,1,1,1
387,5,1,1,1,1,1,1,1,1,1,1,1,1,1,1,1
387.2,5,1,1,1,1,1,1,1,1,1,1,1,1,1,1,1
387.4,5,1,1,1,1,1,1,1,1,1,1,1,1,1,1,1
387.6,5,1,1,1,1,1,1,1,1,1,1,1,1,1,1,1
387.8,5,1,1,1,1,1,1,1,1,1,1,1,1,1,1,1
388,5,1,1,1,1,1,1,1,1,1,1,1,1,1,1,1
388.2,5,1,1,1,1,1,1,1,1,1,1,1,1,1,1,1
388.4,5,1,1,1,1,1,1,1,1,1,1,1,1,1,1,1
388.6,5,1,1,1,1,1,1,1,1,1,1,1,1,1,1,1
388.8,5,1,1,1,1,1,1,1,1,1,1,1,1,1,1,1
389,5,1,1,1,1,1,1,1,1,1,1,1,1,1,1,1
389.2,5,1,1,1,1,1,1,1,1,1,1,1,1,1,1,1
389.4,5,1,1,1,1,1,1,1,1,1,1,1,1,1,1,1
389.6,5,1,1,1,1,1,1,1,1,1,1,1,1,1,1,1
389.8,5,1,1,1,1,1,1,1,1,1,1,1,1,1,1,1
390,5,1,1,1,1,1,1,1,1,1,1,1,1,1,1,1
390.2,5,1,1,1,1,1,1,1,1,1,1,1,1,1,1,1
390.4,5,1,1,1,1,1,1,1,1,1,1,1,1,1,1,1
390.6,5,1,1,1,1,1,1,1,1,1,1,1,1,1,1,1
390.8,5,1,1,1,1,1,1,1,1,1,1,1,1,1,1,1
391,5,1,1,1,1,1,1,1,1,1,1,1,1,1,1,1
391.2,5,1,1,1,1,1,1,1,1,1,1,1,1,1,1,1
391.4,5,1,1,1,1,1,1,1,1,1,1,1,1,1,1,1
391.6,5,1,1,1,1,1,1,1,1,1,1,1,1,1,1,1
391.8,5,1,1,1,1,1,1,1,1,1,1,1,1,1,1,1
392,5,1,1,1,1,1,1,1,1,1,1,1,1,1,1,1
392.2,5,1,1,1,1,1,1,1,1,1,1,1,1,1,1,1
392.4,5,1,1,1,1,1,1,1,1,1,1,1,1,1,1,1
392.6,5,1,1,1,1,1,1,1,1,1,1,1,1,1,1,1
392.8,5,1,1,1,1,1,1,1,1,1,1,1,1,1,1,1
393,5,1,1,1,1,1,1,1,1,1,1,1,1,1,1,1
393.2,5,1,1,1,1,1,1,1,1,1,1,1,1,1,1,1
393.4,5,1,1,1,1,1,1,1,1,1,1,1,1,1,1,1
393.6,5,1,1,1,1,1,1,1,1,1,1,1,1,1,1,1
393.8,5,1,1,1,1,1,1,1,1,1,1,1,1,1,1,1
394,5,1,1,1,1,1,1,1,1,1,1,1,1,1,1,1
394.2,5,1,1,1,1,1,1,1,1,1,1,1,1,1,1,1
394.4,5,1,1,1,1,1,1,1,1,1,1,1,1,1,1,1
394.6,5,1,1,1,1,1,1,1,1,1,1,1,1,1,1,1
394.8,5,1,1,1,1,1,1,1,1,1,1,1,1,1,1,1
395,5,1,1,1,1,1,1,1,1,1,1,1,1,1,1,1
395.2,5,1,1,1,1,1,1,1,1,1,1,1,1,1,1,1
395.4,5,1,1,1,1,1,1,1,1,1,1,1,1,1,1,1
395.6,5,1,1,1,1,1,1,1,1,1,1,1,1,1,1,1
395.8,5,1,1,1,1,1,1,1,1,1,1,1,1,1,1,1
396,5,1,1,1,1,1,1,1,1,1,1,1,1,1,1,1
396.2,5,1,1,1,1,1,1,1,1,1,1,1,1,1,1,1
396.4,5,1,1,1,1,1,1,1,1,1,1,1,1,1,1,1
396.6,5,1,1,1,1,1,1,1,1,1,1,1,1,1,1,1
396.8,5,1,1,1,1,1,1,1,1,1,1,1,1,1,1,1
397,5,1,1,1,1,1,1,1,1,1,1,1,1,1,1,1
397.2,5,1,1,1,1,1,1,1,1,1,1,1,1,1,1,1
397.4,5,1,1,1,1,1,1,1,1,1,1,1,1,1,1,1
397.6,5,1,1,1,1,1,1,1,1,1,1,1,1,1,1,1
397.8,5,1,1,1,1,1,1,1,1,1,1,1,1,1,1,1
398,5,1,1,1,1,1,1,1,1,1,1,1,1,1,1,1
398.2,5,1,1,1,1,1,1,1,1,1,1,1,1,1,1,1
398.4,5,1,1,1,1,1,1,1,1,1,1,1,1,1,1,1
398.6,5,1,1,1,1,1,1,1,1,1,1,1,1,1,1,1
398.8,5,1,1,1,1,1,1,1,1,1,1,1,1,1,1,1
399,5,1,1,1,1,1,1,1,1,1,1,1,1,1,1,1
399.2,5,1,1,1,1,1,1,1,1,1,1,1,1,1,1,1
399.4,5,1,1,1,1,1,1,1,1,1,1,1,1,1,1,1
399.6,5,1,1,1,1,1,1,1,1,1,1,1,1,1,1,1
399.8,5,1,1,1,1,1,1,1,1,1,1,1,1,1,1,1
400,5,1,1,1,1,1,1,1,1,1,1,1,1,1,1,1
400.2,5,1,1,1,1,1,1,1,1,1,1,1,1,1,1,1
400.4,5,1,1,1,1,1,1,1,1,1,1,1,1,1,1,1
400.6,5,1,1,1,1,1,1,1,1,1,1,1,1,1,1,1
400.8,5,1,1,1,1,1,1,1,1,1,1,1,1,1,1,1
401,5,1,1,1,1,1,1,1,1,1,1,1,1,1,1,1
401.2,5,1,1,1,1,1,1,1,1,1,1,1,1,1,1,1
401.4,5,1,1,1,1,1,1,1,1,1,1,1,1,1,1,1
401.6,5,1,1,1,1,1,1,1,1,1,1,1,1,1,1,1
401.8,5,1,1,1,1,1,1,1,1,1,1,1,1,1,1,1
402,5,1,1,1,1,1,1,1,1,1,1,1,1,1,1,1
402.2,5,1,1,1,1,1,1,1,1,1,1,1,1,1,1,1
402.4,5,1,1,1,1,1,1,1,1,1,1,1,1,1,1,1
402.6,5,1,1,1,1,1,1,1,1,1,1,1,1,1,1,1
402.8,5,1,1,1,1,1,1,1,1,1,1,1,1,1,1,1
403,5,1,1,1,1,1,1,1,1,1,1,1,1,1,1,1
403.2,5,1,1,1,1,1,1,1,1,1,1,1,1,1,1,1
403.4,5,1,1,1,1,1,1,1,1,1,1,1,1,1,1,1
403.6,5,1,1,1,1,1,1,1,1,1,1,1,1,1,1,1
403.8,5,1,1,1,1,1,1,1,1,1,1,1,1,1,1,1
404,5,1,1,1,1,1,1,1,1,1,1,1,1,1,1,1
404.2,5,1,1,1,1,1,1,1,1,1,1,1,1,1,1,1
404.4,5,1,1,1,1,1,1,1,1,1,1,1,1,1,1,1
404.6,5,1,1,1,1,1,1,1,1,1,1,1,1,1,1,1
404.8,5,1,1,1,1,1,1,1,1,1,1,1,1,1,1,1
405,5,1,1,1,1,1,1,1,1,1,1,1,1,1,1,1
405.2,5,1,1,1,1,1,1,1,1,1,1,1,1,1,1,1
405.4,5,1,1,1,1,1,1,1,1,1,1,1,1,1,1,1
405.6,5,1,1,1,1,1,1,1,1,1,1,1,1,1,1,1
405.8,5,1,1,1,1,1,1,1,1,1,1,1,1,1,1,1
406,5,1,1,1,1,1,1,1,1,1,1,1,1,1,1,1
406.2,5,1,1,1,1,1,1,1,1,1,1,1,1,1,1,1
406.4,5,1,1,1,1,1,1,1,1,1,1,1,1,1,1,1
406.6,5,1,1,1,1,1,1,1,1,1,1,1,1,1,1,1
406.8,5,1,1,1,1,1,1,1,1,1,1,1,1,1,1,1
407,5,1,1,1,1,1,1,1,1,1,1,1,1,1,1,1
407.2,5,1,1,1,1,1,1,1,1,1,1,1,1,1,1,1
407.4,5,1,1,1,1,1,1,1,1,1,1,1,1,1,1,1
407.6,5,1,1,1,1,1,1,1,1,1,1,1,1,1,1,1
407.8,5,1,1,1,1,1,1,1,1,1,1,1,1,1,1,1
408,5,1,1,1,1,1,1,1,1,1,1,1,1,1,1,1
408.2,5,1,1,1,1,1,1,1,1,1,1,1,1,1,1,1
408.4,5,1,1,1,1,1,1,1,1,1,1,1,1,1,1,1
408.6,5,1,1,1,1,1,1,1,1,1,1,1,1,1,1,1
408.8,5,1,1,1,1,1,1,1,1,1,1,1,1,1,1,1
409,5,1,1,1,1,1,1,1,1,1,1,1,1,1,1,1
409.2,5,1,1,1,1,1,1,1,1,1,1,1,1,1,1,1
409.4,5,1,1,1,1,1,1,1,1,1,1,1,1,1,1,1
409.6,5,1,1,1,1,1,1,1,1,1,1,1,1,1,1,1
409.8,5,1,1,1,1,1,1,1,1,1,1,1,1,1,1,1
410,5,1,1,1,1,1,1,1,1,1,1,1,1,1,1,1
410.2,5,1,1,1,1,1,1,1,1,1,1,1,1,1,1,1
410.4,5,1,1,1,1,1,1,1,1,1,1,1,1,1,1,1
410.6,5,1,1,1,1,1,1,1,1,1,1,1,1,1,1,1
410.8,5,1,1,1,1,1,1,1,1,1,1,1,1,1,1,1
411,5,1,1,1,1,1,1,1,1,1,1,1,1,1,1,1
411.2,5,1,1,1,1,1,1,1,1,1,1,1,1,1,1,1
411.4,5,1,1,1,1,1,1,1,1,1,1,1,1,1,1,1
411.6,5,1,1,1,1,1,1,1,1,1,1,1,1,1,1,1
411.8,5,1,1,1,1,1,1,1,1,1,1,1,1,1,1,1
412,5,1,1,1,1,1,1,1,1,1,1,1,1,1,1,1
412.2,5,1,1,1,1,1,1,1,1,1,1,1,1,1,1,1
412.4,5,1,1,1,1,1,1,1,1,1,1,1,1,1,1,1
412.6,5,1,1,1,1,1,1,1,1,1,1,1,1,1,1,1
412.8,5,1,1,1,1,1,1,1,1,1,1,1,1,1,1,1
413,5,1,1,1,1,1,1,1,1,1,1,1,1,1,1,1
413.2,5,1,1,1,1,1,1,1,1,1,1,1,1,1,1,1
413.4,5,1,1,1,1,1,1,1,1,1,1,1,1,1,1,1
413.6,5,1,1,1,1,1,1,1,1,1,1,1,1,1,1,1
413.8,5,1,1,1,1,1,1,1,1,1,1,1,1,1,1,1
414,5,1,1,1,1,1,1,1,1,1,1,1,1,1,1,1
414.2,5,1,1,1,1,1,1,1,1,1,1,1,1,1,1,1
414.4,5,1,1,1,1,1,1,1,1,1,1,1,1,1,1,1
414.6,5,1,1,1,1,1,1,1,1,1,1,1,1,1,1,1
414.8,5,1,1,1,1,1,1,1,1,1,1,1,1,1,1,1
415,5,1,1,1,1,1,1,1,1,1,1,1,1,1,1,1
415.2,5,1,1,1,1,1,1,1,1,1,1,1,1,1,1,1
415.4,5,1,1,1,1,1,1,1,1,1,1,1,1,1,1,1
415.6,5,1,1,1,1,1,1,1,1,1,1,1,1,1,1,1
415.8,5,1,1,1,1,1,1,1,1,1,1,1,1,1,1,1
416,5,1,1,1,1,1,1,1,1,1,1,1,1,1,1,1
416.2,5,1,1,1,1,1,1,1,1,1,1,1,1,1,1,1
416.4,5,1,1,1,1,1,1,1,1,1,1,1,1,1,1,1
416.6,5,1,1,1,1,1,1,1,1,1,1,1,1,1,1,1
416.8,5,1,1,1,1,1,1,1,1,1,1,1,1,1,1,1
417,5,1,1,1,1,1,1,1,1,1,1,1,1,1,1,1
417.2,5,1,1,1,1,1,1,1,1,1,1,1,1,1,1,1
417.4,5,1,1,1,1,1,1,1,1,1,1,1,1,1,1,1
417.6,5,1,1,1,1,1,1,1,1,1,1,1,1,1,1,1
417.8,5,1,1,1,1,1,1,1,1,1,1,1,1,1,1,1
418,5,1,1,1,1,1,1,1,1,1,1,1,1,1,1,1
418.2,5,1,1,1,1,1,1,1,1,1,1,1,1,1,1,1
418.4,5,1,1,1,1,1,1,1,1,1,1,1,1,1,1,1
418.6,5,1,1,1,1,1,1,1,1,1,1,1,1,1,1,1
418.8,5,1,1,1,1,1,1,1,1,1,1,1,1,1,1,1
419,5,1,1,1,1,1,1,1,1,1,1,1,1,1,1,1
419.2,5,1,1,1,1,1,1,1,1,1,1,1,1,1,1,1
419.4,5,1,1,1,1,1,1,1,1,1,1,1,1,1,1,1
419.6,5,1,1,1,1,1,1,1,1,1,1,1,1,1,1,1
419.8,5,1,1,1,1,1,1,1,1,1,1,1,1,1,1,1
420,5,1,1,1,1,1,1,1,1,1,1,1,1,1,1,1
420.2,5,1,1,1,1,1,1,1,1,1,1,1,1,1,1,1
420.4,5,1,1,1,1,1,1,1,1,1,1,1,1,1,1,1
420.6,5,1,1,1,1,1,1,1,1,1,1,1,1,1,1,1
420.8,5,1,1,1,1,1,1,1,1,1,1,1,1,1,1,1
421,5,1,1,1,1,1,1,1,1,1,1,1,1,1,1,1
421.2,5,1,1,1,1,1,1,1,1,1,1,1,1,1,1,1
421.4,5,1,1,1,1,1,1,1,1,1,1,1,1,1,1,1
421.6,5,1,1,1,1,1,1,1,1,1,1,1,1,1,1,1
421.8,5,1,1,1,1,1,1,1,1,1,1,1,1,1,1,1
422,5,1,1,1,1,1,1,1,1,1,1,1,1,1,1,1
422.2,5,1,1,1,1,1,1,1,1,1,1,1,1,1,1,1
422.4,5,1,1,1,1,1,1,1,1,1,1,1,1,1,1,1
422.6,5,1,1,1,1,1,1,1,1,1,1,1,1,1,1,1
422.8,5,1,1,1,1,1,1,1,1,1,1,1,1,1,1,1
423,5,1,1,1,1,1,1,1,1,1,1,1,1,1,1,1
423.2,5,1,1,1,1,1,1,1,1,1,1,1,1,1,1,1
423.4,5,1,1,1,1,1,1,1,1,1,1,1,1,1,1,1
423.6,5,1,1,1,1,1,1,1,1,1,1,1,1,1,1,1
423.8,5,1,1,1,1,1,1,1,1,1,1,1,1,1,1,1
424,5,1,1,1,1,1,1,1,1,1,1,1,1,1,1,1
424.2,5,1,1,1,1,1,1,1,1,1,1,1,1,1,1,1
424.4,5,1,1,1,1,1,1,1,1,1,1,1,1,1,1,1
424.6,5,1,1,1,1,1,1,1,1,1,1,1,1,1,1,1
424.8,5,1,1,1,1,1,1,1,1,1,1,1,1,1,1,1
425,5,1,1,1,1,1,1,1,1,1,1,1,1,1,1,1
425.2,5,1,1,1,1,1,1,1,1,1,1,1,1,1,1,1
425.4,5,1,1,1,1,1,1,1,1,1,1,1,1,1,1,1
425.6,5,1,1,1,1,1,1,1,1,1,1,1,1,1,1,1
425.8,5,1,1,1,1,1,1,1,1,1,1,1,1,1,1,1
426,5,1,1,1,1,1,1,1,1,1,1,1,1,1,1,1
426.2,5,1,1,1,1,1,1,1,1,1,1,1,1,1,1,1
426.4,5,1,1,1,1,1,1,1,1,1,1,1,1,1,1,1
426.6,5,1,1,1,1,1,1,1,1,1,1,1,1,1,1,1
426.8,5,1,1,1,1,1,1,1,1,1,1,1,1,1,1,1
427,5,1,1,1,1,1,1,1,1,1,1,1,1,1,1,1
427.2,5,1,1,1,1,1,1,1,1,1,1,1,1,1,1,1
427.4,5,1,1,1,1,1,1,1,1,1,1,1,1,1,1,1
427.6,5,1,1,1,1,1,1,1,1,1,1,1,1,1,1,1
427.8,5,1,1,1,1,1,1,1,1,1,1,1,1,1,1,1
428,5,1,1,1,1,1,1,1,1,1,1,1,1,1,1,1
428.2,5,1,1,1,1,1,1,1,1,1,1,1,1,1,1,1
428.4,5,1,1,1,1,1,1,1,1,1,1,1,1,1,1,1
428.6,5,1,1,1,1,1,1,1,1,1,1,1,1,1,1,1
428.8,5,1,1,1,1,1,1,1,1,1,1,1,1,1,1,1
429,5,1,1,1,1,1,1,1,1,1,1,1,1,1,1,1
429.2,5,1,1,1,1,1,1,1,1,1,1,1,1,1,1,1
429.4,5,1,1,1,1,1,1,1,1,1,1,1,1,1,1,1
429.6,5,1,1,1,1,1,1,1,1,1,1,1,1,1,1,1
429.8,5,1,1,1,1,1,1,1,1,1,1,1,1,1,1,1
430,5,1,1,1,1,1,1,1,1,1,1,1,1,1,1,1
430.2,5,1,1,1,1,1,1,1,1,1,1,1,1,1,1,1
430.4,5,1,1,1,1,1,1,1,1,1,1,1,1,1,1,1
430.6,5,1,1,1,1,1,1,1,1,1,1,1,1,1,1,1
430.8,5,1,1,1,1,1,1,1,1,1,1,1,1,1,1,1
431,5,1,1,1,1,1,1,1,1,1,1,1,1,1,1,1
431.2,5,1,1,1,1,1,1,1,1,1,1,1,1,1,1,1
431.4,5,1,1,1,1,1,1,1,1,1,1,1,1,1,1,1
431.6,5,1,1,1,1,1,1,1,1,1,1,1,1,1,1,1
431.8,5,1,1,1,1,1,1,1,1,1,1,1,1,1,1,1
432,5,1,1,1,1,1,1,1,1,1,1,1,1,1,1,1
432.2,5,1,1,1,1,1,1,1,1,1,1,1,1,1,1,1
432.4,5,1,1,1,1,1,1,1,1,1,1,1,1,1,1,1
432.6,5,1,1,1,1,1,1,1,1,1,1,1,1,1,1,1
432.8,5,1,1,1,1,1,1,1,1,1,1,1,1,1,1,1
433,5,1,1,1,1,1,1,1,1,1,1,1,1,1,1,1
433.2,5,1,1,1,1,1,1,1,1,1,1,1,1,1,1,1
433.4,5,1,1,1,1,1,1,1,1,1,1,1,1,1,1,1
433.6,5,1,1,1,1,1,1,1,1,1,1,1,1,1,1,1
433.8,5,1,1,1,1,1,1,1,1,1,1,1,1,1,1,1
434,5,1,1,1,1,1,1,1,1,1,1,1,1,1,1,1
434.2,5,1,1,1,1,1,1,1,1,1,1,1,1,1,1,1
434.4,5,1,1,1,1,1,1,1,1,1,1,1,1,1,1,1
434.6,5,1,1,1,1,1,1,1,1,1,1,1,1,1,1,1
434.8,5,1,1,1,1,1,1,1,1,1,1,1,1,1,1,1
435,5,1,1,1,1,1,1,1,1,1,1,1,1,1,1,1
435.2,5,1,1,1,1,1,1,1,1,1,1,1,1,1,1,1
435.4,5,1,1,1,1,1,1,1,1,1,1,1,1,1,1,1
435.6,5,1,1,1,1,1,1,1,1,1,1,1,1,1,1,1
435.8,5,1,1,1,1,1,1,1,1,1,1,1,1,1,1,1
436,5,1,1,1,1,1,1,1,1,1,1,1,1,1,1,1
436.2,5,1,1,1,1,1,1,1,1,1,1,1,1,1,1,1
436.4,5,1,1,1,1,1,1,1,1,1,1,1,1,1,1,1
436.6,5,1,1,1,1,1,1,1,1,1,1,1,1,1,1,1
436.8,5,1,1,1,1,1,1,1,1,1,1,1,1,1,1,1
437,5,1,1,1,1,1,1,1,1,1,1,1,1,1,1,1
437.2,5,1,1,1,1,1,1,1,1,1,1,1,1,1,1,1
437.4,5,1,1,1,1,1,1,1,1,1,1,1,1,1,1,1
437.6,5,1,1,1,1,1,1,1,1,1,1,1,1,1,1,1
437.8,5,1,1,1,1,1,1,1,1,1,1,1,1,1,1,1
438,5,1,1,1,1,1,1,1,1,1,1,1,1,1,1,1
438.2,5,1,1,1,1,1,1,1,1,1,1,1,1,1,1,1
438.4,5,1,1,1,1,1,1,1,1,1,1,1,1,1,1,1
438.6,5,1,1,1,1,1,1,1,1,1,1,1,1,1,1,1
438.8,5,1,1,1,1,1,1,1,1,1,1,1,1,1,1,1
439,5,1,1,1,1,1,1,1,1,1,1,1,1,1,1,1
439.2,5,1,1,1,1,1,1,1,1,1,1,1,1,1,1,1
439.4,5,1,1,1,1,1,1,1,1,1,1,1,1,1,1,1
439.6,5,1,1,1,1,1,1,1,1,1,1,1,1,1,1,1
439.8,5,1,1,1,1,1,1,1,1,1,1,1,1,1,1,1
440,5,1,1,1,1,1,1,1,1,1,1,1,1,1,1,1
440.2,5,1,1,1,1,1,1,1,1,1,1,1,1,1,1,1
440.4,5,1,1,1,1,1,1,1,1,1,1,1,1,1,1,1
440.6,5,1,1,1,1,1,1,1,1,1,1,1,1,1,1,1
440.8,5,1,1,1,1,1,1,1,1,1,1,1,1,1,1,1
441,5,1,1,1,1,1,1,1,1,1,1,1,1,1,1,1
441.2,5,1,1,1,1,1,1,1,1,1,1,1,1,1,1,1
441.4,5,1,1,1,1,1,1,1,1,1,1,1,1,1,1,1
441.6,5,1,1,1,1,1,1,1,1,1,1,1,1,1,1,1
441.8,5,1,1,1,1,1,1,1,1,1,1,1,1,1,1,1
442,5,1,1,1,1,1,1,1,1,1,1,1,1,1,1,1
442.2,5,1,1,1,1,1,1,1,1,1,1,1,1,1,1,1
442.4,5,1,1,1,1,1,1,1,1,1,1,1,1,1,1,1
442.6,5,1,1,1,1,1,1,1,1,1,1,1,1,1,1,1
442.8,5,1,1,1,1,1,1,1,1,1,1,1,1,1,1,1
443,5,1,1,1,1,1,1,1,1,1,1,1,1,1,1,1
443.2,5,1,1,1,1,1,1,1,1,1,1,1,1,1,1,1
443.4,5,1,1,1,1,1,1,1,1,1,1,1,1,1,1,1
443.6,5,1,1,1,1,1,1,1,1,1,1,1,1,1,1,1
443.8,5,1,1,1,1,1,1,1,1,1,1,1,1,1,1,1
444,5,1,1,1,1,1,1,1,1,1,1,1,1,1,1,1
444.2,5,1,1,1,1,1,1,1,1,1,1,1,1,1,1,1
444.4,5,1,1,1,1,1,1,1,1,1,1,1,1,1,1,1
444.6,5,1,1,1,1,1,1,1,1,1,1,1,1,1,1,1
444.8,5,1,1,1,1,1,1,1,1,1,1,1,1,1,1,1
445,5,1,1,1,1,1,1,1,1,1,1,1,1,1,1,1
445.2,5,1,1,1,1,1,1,1,1,1,1,1,1,1,1,1
445.4,5,1,1,1,1,1,1,1,1,1,1,1,1,1,1,1
445.6,5,1,1,1,1,1,1,1,1,1,1,1,1,1,1,1
445.8,5,1,1,1,1,1,1,1,1,1,1,1,1,1,1,1
446,5,1,1,1,1,1,1,1,1,1,1,1,1,1,1,1
446.2,5,1,1,1,1,1,1,1,1,1,1,1,1,1,1,1
446.4,5,1,1,1,1,1,1,1,1,1,1,1,1,1,1,1
446.6,5,1,1,1,1,1,1,1,1,1,1,1,1,1,1,1
446.8,5,1,1,1,1,1,1,1,1,1,1,1,1,1,1,1
447,5,1,1,1,1,1,1,1,1,1,1,1,1,1,1,1
447.2,5,1,1,1,1,1,1,1,1,1,1,1,1,1,1,1
447.4,5,1,1,1,1,1,1,1,1,1,1,1,1,1,1,1
447.6,5,1,1,1,1,1,1,1,1,1,1,1,1,1,1,1
447.8,5,1,1,1,1,1,1,1,1,1,1,1,1,1,1,1
448,5,1,1,1,1,1,1,1,1,1,1,1,1,1,1,1
448.2,5,1,1,1,1,1,1,1,1,1,1,1,1,1,1,1
448.4,5,1,1,1,1,1,1,1,1,1,1,1,1,1,1,1
448.6,5,1,1,1,1,1,1,1,1,1,1,1,1,1,1,1
448.8,5,1,1,1,1,1,1,1,1,1,1,1,1,1,1,1
449,5,1,1,1,1,1,1,1,1,1,1,1,1,1,1,1
449.2,5,1,1,1,1,1,1,1,1,1,1,1,1,1,1,1
449.4,5,1,1,1,1,1,1,1,1,1,1,1,1,1,1,1
449.6,5,1,1,1,1,1,1,1,1,1,1,1,1,1,1,1
449.8,5,1,1,1,1,1,1,1,1,1,1,1,1,1,1,1
450,5,1,1,1,1,1,1,1,1,1,1,1,1,1,1,1
450.2,5,1,1,1,1,1,1,1,1,1,1,1,1,1,1,1
450.4,5,1,1,1,1,1,1,1,1,1,1,1,1,1,1,1
450.6,5,1,1,1,1,1,1,1,1,1,1,1,1,1,1,1
450.8,5,1,1,1,1,1,1,1,1,1,1,1,1,1,1,1
451,5,1,1,1,1,1,1,1,1,1,1,1,1,1,1,1
451.2,5,1,1,1,1,1,1,1,1,1,1,1,1,1,1,1
451.4,5,1,1,1,1,1,1,1,1,1,1,1,1,1,1,1
451.6,5,1,1,1,1,1,1,1,1,1,1,1,1,1,1,1
451.8,5,1,1,1,1,1,1,1,1,1,1,1,1,1,1,1
452,5,1,1,1,1,1,1,1,1,1,1,1,1,1,1,1
452.2,5,1,1,1,1,1,1,1,1,1,1,1,1,1,1,1
452.4,5,1,1,1,1,1,1,1,1,1,1,1,1,1,1,1
452.6,5,1,1,1,1,1,1,1,1,1,1,1,1,1,1,1
452.8,5,1,1,1,1,1,1,1,1,1,1,1,1,1,1,1
453,5,1,1,1,1,1,1,1,1,1,1,1,1,1,1,1
453.2,5,1,1,1,1,1,1,1,1,1,1,1,1,1,1,1
453.4,5,1,1,1,1,1,1,1,1,1,1,1,1,1,1,1
453.6,5,1,1,1,1,1,1,1,1,1,1,1,1,1,1,1
453.8,5,1,1,1,1,1,1,1,1,1,1,1,1,1,1,1
454,5,1,1,1,1,1,1,1,1,1,1,1,1,1,1,1
454.2,5,1,1,1,1,1,1,1,1,1,1,1,1,1,1,1
454.4,5,1,1,1,1,1,1,1,1,1,1,1,1,1,1,1
454.6,5,1,1,1,1,1,1,1,1,1,1,1,1,1,1,1
454.8,5,1,1,1,1,1,1,1,1,1,1,1,1,1,1,1
455,5,1,1,1,1,1,1,1,1,1,1,1,1,1,1,1
455.2,5,1,1,1,1,1,1,1,1,1,1,1,1,1,1,1
455.4,5,1,1,1,1,1,1,1,1,1,1,1,1,1,1,1
455.6,5,1,1,1,1,1,1,1,1,1,1,1,1,1,1,1
455.8,5,1,1,1,1,1,1,1,1,1,1,1,1,1,1,1
456,5,1,1,1,1,1,1,1,1,1,1,1,1,1,1,1
456.2,5,1,1,1,1,1,1,1,1,1,1,1,1,1,1,1
456.4,5,1,1,1,1,1,1,1,1,1,1,1,1,1,1,1
456.6,5,1,1,1,1,1,1,1,1,1,1,1,1,1,1,1
456.8,5,1,1,1,1,1,1,1,1,1,1,1,1,1,1,1
457,5,1,1,1,1,1,1,1,1,1,1,1,1,1,1,1
457.2,5,1,1,1,1,1,1,1,1,1,1,1,1,1,1,1
457.4,5,1,1,1,1,1,1,1,1,1,1,1,1,1,1,1
457.6,5,1,1,1,1,1,1,1,1,1,1,1,1,1,1,1
457.8,5,1,1,1,1,1,1,1,1,1,1,1,1,1,1,1
458,5,1,1,1,1,1,1,1,1,1,1,1,1,1,1,1
458.2,5,1,1,1,1,1,1,1,1,1,1,1,1,1,1,1
458.4,5,1,1,1,1,1,1,1,1,1,1,1,1,1,1,1
458.6,5,1,1,1,1,1,1,1,1,1,1,1,1,1,1,1
458.8,5,1,1,1,1,1,1,1,1,1,1,1,1,1,1,1
459,5,1,1,1,1,1,1,1,1,1,1,1,1,1,1,1
459.2,5,1,1,1,1,1,1,1,1,1,1,1,1,1,1,1
459.4,5,1,1,1,1,1,1,1,1,1,1,1,1,1,1,1
459.6,5,1,1,1,1,1,1,1,1,1,1,1,1,1,1,1
459.8,5,1,1,1,1,1,1,1,1,1,1,1,1,1,1,1
460,5,1,1,1,1,1,1,1,1,1,1,1,1,1,1,1
460.2,5,1,1,1,1,1,1,1,1,1,1,1,1,1,1,1
460.4,5,1,1,1,1,1,1,1,1,1,1,1,1,1,1,1
460.6,5,1,1,1,1,1,1,1,1,1,1,1,1,1,1,1
460.8,5,1,1,1,1,1,1,1,1,1,1,1,1,1,1,1
461,5,1,1,1,1,1,1,1,1,1,1,1,1,1,1,1
461.2,5,1,1,1,1,1,1,1,1,1,1,1,1,1,1,1
461.4,5,1,1,1,1,1,1,1,1,1,1,1,1,1,1,1
461.6,5,1,1,1,1,1,1,1,1,1,1,1,1,1,1,1
461.8,5,1,1,1,1,1,1,1,1,1,1,1,1,1,1,1
462,5,1,1,1,1,1,1,1,1,1,1,1,1,1,1,1
462.2,5,1,1,1,1,1,1,1,1,1,1,1,1,1,1,1
462.4,5,1,1,1,1,1,1,1,1,1,1,1,1,1,1,1
462.6,5,1,1,1,1,1,1,1,1,1,1,1,1,1,1,1
462.8,5,1,1,1,1,1,1,1,1,1,1,1,1,1,1,1
463,5,1,1,1,1,1,1,1,1,1,1,1,1,1,1,1
463.2,5,1,1,1,1,1,1,1,1,1,1,1,1,1,1,1
463.4,5,1,1,1,1,1,1,1,1,1,1,1,1,1,1,1
463.6,5,1,1,1,1,1,1,1,1,1,1,1,1,1,1,1
463.8,5,1,1,1,1,1,1,1,1,1,1,1,1,1,1,1
464,5,1,1,1,1,1,1,1,1,1,1,1,1,1,1,1
464.2,5,1,1,1,1,1,1,1,1,1,1,1,1,1,1,1
464.4,5,1,1,1,1,1,1,1,1,1,1,1,1,1,1,1
464.6,5,1,1,1,1,1,1,1,1,1,1,1,1,1,1,1
464.8,5,1,1,1,1,1,1,1,1,1,1,1,1,1,1,1
465,5,1,1,1,1,1,1,1,1,1,1,1,1,1,1,1
465.2,5,1,1,1,1,1,1,1,1,1,1,1,1,1,1,1
465.4,5,1,1,1,1,1,1,1,1,1,1,1,1,1,1,1
465.6,5,1,1,1,1,1,1,1,1,1,1,1,1,1,1,1
465.8,5,1,1,1,1,1,1,1,1,1,1,1,1,1,1,1
466,5,1,1,1,1,1,1,1,1,1,1,1,1,1,1,1
466.2,5,1,1,1,1,1,1,1,1,1,1,1,1,1,1,1
466.4,5,1,1,1,1,1,1,1,1,1,1,1,1,1,1,1
466.6,5,1,1,1,1,1,1,1,1,1,1,1,1,1,1,1
466.8,5,1,1,1,1,1,1,1,1,1,1,1,1,1,1,1
467,5,1,1,1,1,1,1,1,1,1,1,1,1,1,1,1
467.2,5,1,1,1,1,1,1,1,1,1,1,1,1,1,1,1
467.4,5,1,1,1,1,1,1,1,1,1,1,1,1,1,1,1
467.6,5,1,1,1,1,1,1,1,1,1,1,1,1,1,1,1
467.8,5,1,1,1,1,1,1,1,1,1,1,1,1,1,1,1
468,5,1,1,1,1,1,1,1,1,1,1,1,1,1,1,1
468.2,5,1,1,1,1,1,1,1,1,1,1,1,1,1,1,1
468.4,5,1,1,1,1,1,1,1,1,1,1,1,1,1,1,1
468.6,5,1,1,1,1,1,1,1,1,1,1,1,1,1,1,1
468.8,5,1,1,1,1,1,1,1,1,1,1,1,1,1,1,1
469,5,1,1,1,1,1,1,1,1,1,1,1,1,1,1,1
469.2,5,1,1,1,1,1,1,1,1,1,1,1,1,1,1,1
469.4,5,1,1,1,1,1,1,1,1,1,1,1,1,1,1,1
469.6,5,1,1,1,1,1,1,1,1,1,1,1,1,1,1,1
469.8,5,1,1,1,1,1,1,1,1,1,1,1,1,1,1,1
470,5,1,1,1,1,1,1,1,1,1,1,1,1,1,1,1
470.2,5,1,1,1,1,1,1,1,1,1,1,1,1,1,1,1
470.4,5,1,1,1,1,1,1,1,1,1,1,1,1,1,1,1
470.6,5,1,1,1,1,1,1,1,1,1,1,1,1,1,1,1
470.8,5,1,1,1,1,1,1,1,1,1,1,1,1,1,1,1
471,5,1,1,1,1,1,1,1,1,1,1,1,1,1,1,1
471.2,5,1,1,1,1,1,1,1,1,1,1,1,1,1,1,1
471.4,5,1,1,1,1,1,1,1,1,1,1,1,1,1,1,1
471.6,5,1,1,1,1,1,1,1,1,1,1,1,1,1,1,1
471.8,5,1,1,1,1,1,1,1,1,1,1,1,1,1,1,1
472,5,1,1,1,1,1,1,1,1,1,1,1,1,1,1,1
472.2,5,1,1,1,1,1,1,1,1,1,1,1,1,1,1,1
472.4,5,1,1,1,1,1,1,1,1,1,1,1,1,1,1,1
472.6,5,1,1,1,1,1,1,1,1,1,1,1,1,1,1,1
472.8,5,1,1,1,1,1,1,1,1,1,1,1,1,1,1,1
473,5,1,1,1,1,1,1,1,1,1,1,1,1,1,1,1
473.2,5,1,1,1,1,1,1,1,1,1,1,1,1,1,1,1
473.4,5,1,1,1,1,1,1,1,1,1,1,1,1,1,1,1
473.6,5,1,1,1,1,1,1,1,1,1,1,1,1,1,1,1
473.8,5,1,1,1,1,1,1,1,1,1,1,1,1,1,1,1
474,5,1,1,1,1,1,1,1,1,1,1,1,1,1,1,1
474.2,5,1,1,1,1,1,1,1,1,1,1,1,1,1,1,1
474.4,5,1,1,1,1,1,1,1,1,1,1,1,1,1,1,1
474.6,5,1,1,1,1,1,1,1,1,1,1,1,1,1,1,1
474.8,5,1,1,1,1,1,1,1,1,1,1,1,1,1,1,1
475,5,1,1,1,1,1,1,1,1,1,1,1,1,1,1,1
475.2,5,1,1,1,1,1,1,1,1,1,1,1,1,1,1,1
475.4,5,1,1,1,1,1,1,1,1,1,1,1,1,1,1,1
475.6,5,1,1,1,1,1,1,1,1,1,1,1,1,1,1,1
475.8,5,1,1,1,1,1,1,1,1,1,1,1,1,1,1,1
476,5,1,1,1,1,1,1,1,1,1,1,1,1,1,1,1
476.2,5,1,1,1,1,1,1,1,1,1,1,1,1,1,1,1
476.4,5,1,1,1,1,1,1,1,1,1,1,1,1,1,1,1
476.6,5,1,1,1,1,1,1,1,1,1,1,1,1,1,1,1
476.8,5,1,1,1,1,1,1,1,1,1,1,1,1,1,1,1
477,5,1,1,1,1,1,1,1,1,1,1,1,1,1,1,1
477.2,5,1,1,1,1,1,1,1,1,1,1,1,1,1,1,1
477.4,5,1,1,1,1,1,1,1,1,1,1,1,1,1,1,1
477.6,5,1,1,1,1,1,1,1,1,1,1,1,1,1,1,1
477.8,5,1,1,1,1,1,1,1,1,1,1,1,1,1,1,1
478,5,1,1,1,1,1,1,1,1,1,1,1,1,1,1,1
478.2,5,1,1,1,1,1,1,1,1,1,1,1,1,1,1,1
478.4,5,1,1,1,1,1,1,1,1,1,1,1,1,1,1,1
478.6,5,1,1,1,1,1,1,1,1,1,1,1,1,1,1,1
478.8,5,1,1,1,1,1,1,1,1,1,1,1,1,1,1,1
479,5,1,1,1,1,1,1,1,1,1,1,1,1,1,1,1
479.2,5,1,1,1,1,1,1,1,1,1,1,1,1,1,1,1
479.4,5,1,1,1,1,1,1,1,1,1,1,1,1,1,1,1
479.6,5,1,1,1,1,1,1,1,1,1,1,1,1,1,1,1
479.8,5,1,1,1,1,1,1,1,1,1,1,1,1,1,1,1
480,5,1,1,1,1,1,1,1,1,1,1,1,1,1,1,1
480.2,5,1,1,1,1,1,1,1,1,1,1,1,1,1,1,1
480.4,5,1,1,1,1,1,1,1,1,1,1,1,1,1,1,1
480.6,5,1,1,1,1,1,1,1,1,1,1,1,1,1,1,1
480.8,5,1,1,1,1,1,1,1,1,1,1,1,1,1,1,1
481,5,1,1,1,1,1,1,1,1,1,1,1,1,1,1,1
481.2,5,1,1,1,1,1,1,1,1,1,1,1,1,1,1,1
481.4,5,1,1,1,1,1,1,1,1,1,1,1,1,1,1,1
481.6,5,1,1,1,1,1,1,1,1,1,1,1,1,1,1,1
481.8,5,1,1,1,1,1,1,1,1,1,1,1,1,1,1,1
482,5,1,1,1,1,1,1,1,1,1,1,1,1,1,1,1
482.2,5,1,1,1,1,1,1,1,1,1,1,1,1,1,1,1
482.4,5,1,1,1,1,1,1,1,1,1,1,1,1,1,1,1
482.6,5,1,1,1,1,1,1,1,1,1,1,1,1,1,1,1
482.8,5,1,1,1,1,1,1,1,1,1,1,1,1,1,1,1
483,5,1,1,1,1,1,1,1,1,1,1,1,1,1,1,1
483.2,5,1,1,1,1,1,1,1,1,1,1,1,1,1,1,1
483.4,5,1,1,1,1,1,1,1,1,1,1,1,1,1,1,1
483.6,5,1,1,1,1,1,1,1,1,1,1,1,1,1,1,1
483.8,5,1,1,1,1,1,1,1,1,1,1,1,1,1,1,1
484,5,1,1,1,1,1,1,1,1,1,1,1,1,1,1,1
484.2,5,1,1,1,1,1,1,1,1,1,1,1,1,1,1,1
484.4,5,1,1,1,1,1,1,1,1,1,1,1,1,1,1,1
484.6,5,1,1,1,1,1,1,1,1,1,1,1,1,1,1,1
484.8,5,1,1,1,1,1,1,1,1,1,1,1,1,1,1,1
485,5,1,1,1,1,1,1,1,1,1,1,1,1,1,1,1
485.2,5,1,1,1,1,1,1,1,1,1,1,1,1,1,1,1
485.4,5,1,1,1,1,1,1,1,1,1,1,1,1,1,1,1
485.6,5,1,1,1,1,1,1,1,1,1,1,1,1,1,1,1
485.8,5,1,1,1,1,1,1,1,1,1,1,1,1,1,1,1
486,5,1,1,1,1,1,1,1,1,1,1,1,1,1,1,1
486.2,5,1,1,1,1,1,1,1,1,1,1,1,1,1,1,1
486.4,5,1,1,1,1,1,1,1,1,1,1,1,1,1,1,1
486.6,5,1,1,1,1,1,1,1,1,1,1,1,1,1,1,1
486.8,5,1,1,1,1,1,1,1,1,1,1,1,1,1,1,1
487,5,1,1,1,1,1,1,1,1,1,1,1,1,1,1,1
487.2,5,1,1,1,1,1,1,1,1,1,1,1,1,1,1,1
487.4,5,1,1,1,1,1,1,1,1,1,1,1,1,1,1,1
487.6,5,1,1,1,1,1,1,1,1,1,1,1,1,1,1,1
487.8,5,1,1,1,1,1,1,1,1,1,1,1,1,1,1,1
488,5,1,1,1,1,1,1,1,1,1,1,1,1,1,1,1
488.2,5,1,1,1,1,1,1,1,1,1,1,1,1,1,1,1
488.4,5,1,1,1,1,1,1,1,1,1,1,1,1,1,1,1
488.6,5,1,1,1,1,1,1,1,1,1,1,1,1,1,1,1
488.8,5,1,1,1,1,1,1,1,1,1,1,1,1,1,1,1
489,5,1,1,1,1,1,1,1,1,1,1,1,1,1,1,1
489.2,5,1,1,1,1,1,1,1,1,1,1,1,1,1,1,1
489.4,5,1,1,1,1,1,1,1,1,1,1,1,1,1,1,1
489.6,5,1,1,1,1,1,1,1,1,1,1,1,1,1,1,1
489.8,5,1,1,1,1,1,1,1,1,1,1,1,1,1,1,1
490,5,1,1,1,1,1,1,1,1,1,1,1,1,1,1,1
490.2,5,1,1,1,1,1,1,1,1,1,1,1,1,1,1,1
490.4,5,1,1,1,1,1,1,1,1,1,1,1,1,1,1,1
490.6,5,1,1,1,1,1,1,1,1,1,1,1,1,1,1,1
490.8,5,1,1,1,1,1,1,1,1,1,1,1,1,1,1,1
491,5,1,1,1,1,1,1,1,1,1,1,1,1,1,1,1
491.2,5,1,1,1,1,1,1,1,1,1,1,1,1,1,1,1
491.4,5,1,1,1,1,1,1,1,1,1,1,1,1,1,1,1
491.6,5,1,1,1,1,1,1,1,1,1,1,1,1,1,1,1
491.8,5,1,1,1,1,1,1,1,1,1,1,1,1,1,1,1
492,5,1,1,1,1,1,1,1,1,1,1,1,1,1,1,1
492.2,5,1,1,1,1,1,1,1,1,1,1,1,1,1,1,1
492.4,5,1,1,1,1,1,1,1,1,1,1,1,1,1,1,1
492.6,5,1,1,1,1,1,1,1,1,1,1,1,1,1,1,1
492.8,5,1,1,1,1,1,1,1,1,1,1,1,1,1,1,1
493,5,1,1,1,1,1,1,1,1,1,1,1,1,1,1,1
493.2,5,1,1,1,1,1,1,1,1,1,1,1,1,1,1,1
493.4,5,1,1,1,1,1,1,1,1,1,1,1,1,1,1,1
493.6,5,1,1,1,1,1,1,1,1,1,1,1,1,1,1,1
493.8,5,1,1,1,1,1,1,1,1,1,1,1,1,1,1,1
494,5,1,1,1,1,1,1,1,1,1,1,1,1,1,1,1
494.2,5,1,1,1,1,1,1,1,1,1,1,1,1,1,1,1
494.4,5,1,1,1,1,1,1,1,1,1,1,1,1,1,1,1
494.6,5,1,1,1,1,1,1,1,1,1,1,1,1,1,1,1
494.8,5,1,1,1,1,1,1,1,1,1,1,1,1,1,1,1
495,5,1,1,1,1,1,1,1,1,1,1,1,1,1,1,1
495.2,5,1,1,1,1,1,1,1,1,1,1,1,1,1,1,1
495.4,5,1,1,1,1,1,1,1,1,1,1,1,1,1,1,1
495.6,5,1,1,1,1,1,1,1,1,1,1,1,1,1,1,1
495.8,5,1,1,1,1,1,1,1,1,1,1,1,1,1,1,1
496,5,1,1,1,1,1,1,1,1,1,1,1,1,1,1,1
496.2,5,1,1,1,1,1,1,1,1,1,1,1,1,1,1,1
496.4,5,1,1,1,1,1,1,1,1,1,1,1,1,1,1,1
496.6,5,1,1,1,1,1,1,1,1,1,1,1,1,1,1,1
496.8,5,1,1,1,1,1,1,1,1,1,1,1,1,1,1,1
497,5,1,1,1,1,1,1,1,1,1,1,1,1,1,1,1
497.2,5,1,1,1,1,1,1,1,1,1,1,1,1,1,1,1
497.4,5,1,1,1,1,1,1,1,1,1,1,1,1,1,1,1
497.6,5,1,1,1,1,1,1,1,1,1,1,1,1,1,1,1
497.8,5,1,1,1,1,1,1,1,1,1,1,1,1,1,1,1
498,5,1,1,1,1,1,1,1,1,1,1,1,1,1,1,1
498.2,5,1,1,1,1,1,1,1,1,1,1,1,1,1,1,1
498.4,5,1,1,1,1,1,1,1,1,1,1,1,1,1,1,1
498.6,5,1,1,1,1,1,1,1,1,1,1,1,1,1,1,1
498.8,5,1,1,1,1,1,1,1,1,1,1,1,1,1,1,1
499,5,1,1,1,1,1,1,1,1,1,1,1,1,1,1,1
499.2,5,1,1,1,1,1,1,1,1,1,1,1,1,1,1,1
499.4,5,1,1,1,1,1,1,1,1,1,1,1,1,1,1,1
499.6,5,1,1,1,1,1,1,1,1,1,1,1,1,1,1,1
499.8,5,1,1,1,1,1,1,1,1,1,1,1,1,1,1,1
